id,category,name,brand,price,tags,review,image_filename,amazon_url,rakuten_url,is_pick,instagram_url,is_yun_must,must_tags,yun_must_comment,key_ingredients,image_url,is_published
1,化粧下地,チャコット ラスティングベース モイスト,チャコット,"¥3,630 /180mL","毛穴,皮脂・テカリ",SPF50+・PA+++ / 保湿もハイカバーも叶う、くすみ補正プライマー。ノーファンデOK、透明感とカバー力で肌をワントーン明るい肌に,IMG_0343.jpg,https://www.amazon.co.jp/dp/B094XX6DJ4?tag=onamzyyy0410m-22,https://item.rakuten.co.jp/chacott/505607-0555-48/,false,,false,,,,,false
2,化粧下地,Wonjungyo トーンアップベース N,ウォンジョンヨ,"¥1,430 / 25g","シミ・くすみ,乾燥",SPF43・PA+++/ノンケミカル処方。高密着で毛穴カバー、くすみを一掃し、肌を明るくトーンアップ,IMG_0344.jpg,https://www.amazon.co.jp/dp/B0FHH2HKHQ?tag=onamzyyy0410m-22,https://item.rakuten.co.jp/rainmakers-beautyfarm/won-wtub/,false,,false,,,,,false
3,化粧下地,TIRTIR マスクフィット トーンアップエッセンス,ティルティル,"¥2,970 / 30mL","皮脂・テカリ,乾燥",SPF30・PA++/マスクなどで崩れにくく、自然に毛穴や凹凸をカバーしてワントーン明るいツヤ肌に。,IMG_0345.jpg,https://www.amazon.co.jp/dp/B0BKL2NBZH?tag=onamzyyy0410m-22,https://item.rakuten.co.jp/tirtir/maskfit_toneup/,true,,false,,,,,false
4,BBクリーム,ファシオ エアリーステイ BB ティント UV,ファシオ,"¥1,320 / 30g","崩れ,時短",SPF50+・PA++++/フェザーフィット成分配合で重すぎない使用感。ハイカバーで13時間化粧もち。,IMG_0346.jpg,https://www.amazon.co.jp/dp/B0BV1JFZXY?tag=onamzyyy0410m-22,https://item.rakuten.co.jp/sian/557732fso/,false,,false,,,,,false
5,BBクリーム,ディセンシア ホワイト F/L BBクリーム【医薬部外品】,ディセンシア,"¥4,950 / 25g","敏感肌,美白",SPF50+・PA++++ / 敏感肌の美肌フィルター。ノンケミカル処方。有効成分トラネキサム酸配合、独自技術ヴァイタサイクルヴェール®搭載。,IMG_0347.jpg,https://www.amazon.co.jp/dp/B0DWMRB7N7/ref=nosim?tag=yyy0410mmm-22,https://hb.afl.rakuten.co.jp/hgc/g00uhkla.fhlem14a.g00uhkla.fhleneb4/?pc=https%3A%2F%2Fitem.rakuten.co.jp%2Fdecencia%2Fd0043%2F&m=http%3A%2F%2Fm.rakuten.co.jp%2Fdecencia%2Fi%2F10000050%2F&rafcid=wsc_i_is_ee1229f7-691f-4a67-9e6c-9d1f5819b2d1,false,,false,,,トラネキサム酸,https://thumbnail.image.rakuten.co.jp/@0_mall/decencia/cabinet/prd/43/d0043_ranking.jpg,true
6,化粧下地,ミノン アミノモイスト ブライトアップベース UV,ミノン,"¥1,760 / 25g","敏感肌,乾燥",SPF50+・PA++++ / ノンケミカル処方。乾燥でごわつく肌にもしっとりとなじみ、肌の色ムラをカバーし、自然にトーンアップ。,IMG_0348.jpg,https://www.amazon.co.jp/dp/B0GNJ87K69?&linkCode=ll2&tag=yyy0410mmm-22&linkId=f152160c34de05b54bbc31f9834b7704&ref_=as_li_ss_tl,https://hb.afl.rakuten.co.jp/ichiba/27dc2dd7.ea73b11b.27dc2dd8.8fa9a9f7/?pc=https%3A%2F%2Fitem.rakuten.co.jp%2Fnanohanadrg%2F4987107670588%2F&link_type=hybrid_url&ut=eyJwYWdlIjoiaXRlbSIsInR5cGUiOiJoeWJyaWRfdXJsIiwic2l6ZSI6IjI0MHgyNDAiLCJuYW1iOjEsIm5hbXAiOiJyaWdodCIsImNvbSI6MSwiY29tcCI6MSwiY29tcCI6MSwiYm9yIjoxLCJjb2wiOjEsImJidG4iOjEsImJtcCI6ZmFsc2V9,false,,false,,,,,false
7,BBクリーム,Cell Fusion C スキンブレミッシュバーム インテンシブ,セルフュージョンC,"¥1,320 / 15mL〜","ニキビ,バリア機能",スキンケア効果と脱ファンデ級の高いカバー力を兼ねたBBクリーム。敏感肌特有の赤みにも対応し、長時間崩れにくい。,IMG_0349.jpg,https://www.amazon.co.jp/dp/B093MMQ6WS?tag=onamzyyy0410m-22,https://item.rakuten.co.jp/cellfusionc/cfsn0022/,false,,false,,,,,false
8,日焼け止め,ラ ロッシュ ポゼ UVイデア XL プロテクショントーンアップ ローズ+,ラロッシュポゼ,"¥3,960 / 30mL","UV,血色感",SPF50+・PA++++。マルチプロテクションテクノロジーで微粒子を徹底ガード。うるおいが長時間続き、血色感がとけこみ、くすみ知らずの多幸感生ツヤ肌に。,IMG_0350.jpg,https://www.amazon.co.jp/dp/B0DSPT68YH?tag=onamzyyy0410m-22,https://item.rakuten.co.jp/pycno/03176/,true,,false,,,,,false
9,日焼け止め,デーケアレボリューション トーンアップ SP+ aa,エリクシール,"¥3,410 / 35g","ハリ,ツヤ,時短",SPF50+・PA++++。コラーゲンGLなど豊富な美容成分を配合。大人肌のくすみや影を瞬時に補正し、明るくハリに満ちた印象に。,IMG_0351.jpg,https://www.amazon.co.jp/dp/B0CSST4L2G/ref=nosim?tag=yyy0410mmm-22,https://hb.afl.rakuten.co.jp/hgc/g00snbua.fhlem687.g00snbua.fhlen7d5/?pc=https%3A%2F%2Fitem.rakuten.co.jp%2Fmatsumoto-cosme%2F19593%2F&m=http%3A%2F%2Fm.rakuten.co.jp%2Fmatsumoto-cosme%2Fi%2F10004924%2F&rafcid=wsc_i_is_ee1229f7-691f-4a67-9e6c-9d1f5819b2d1,true,,false,,,,https://thumbnail.image.rakuten.co.jp/@0_mall/matsumoto-cosme/cabinet/shiseido/counseling/eis/49099781959392601_2.jpg,false
10,化粧下地,ソフィーナ プリマヴィスタ 角層保水プライマー,ソフィーナiP,"¥3,520 / 25g","乾燥,粉吹き",SPF50・PA+++ / カサつき防ぐ「保水膜」を形成し、使うたびに化粧ノリのいい角層に整える。13時間化粧持ち,IMG_0352.jpg,https://www.amazon.co.jp/dp/B0GK6XCZ51/ref=nosim?tag=yyy0410mmm-22,https://hb.afl.rakuten.co.jp/hgc/g00t3lia.fhlem497.g00t3lia.fhlen4ba/?pc=https%3A%2F%2Fitem.rakuten.co.jp%2Fyayoi-cosme%2Fka463920%2F&m=http%3A%2F%2Fm.rakuten.co.jp%2Fyayoi-cosme%2Fi%2F10015151%2F&rafcid=wsc_i_is_ee1229f7-691f-4a67-9e6c-9d1f5819b2d1,false,,false,,,,https://thumbnail.image.rakuten.co.jp/@0_mall/yayoi-cosme/cabinet/rakulogo/rakulogo19/09041184_02376.jpg,false
11,化粧下地,モイスチュアライジング プライマー 00,ポール＆ジョー,"¥3,850 / 30mL","乾燥,シミ・くすみ",SPF15・PA+。うるおい成分を内包した2種のナノリポカプセルが角層に深く浸透。乾燥による化粧くずれを防ぎつけたての美しい仕上がりをキープ。,IMG_0364.jpg,,https://hb.afl.rakuten.co.jp/hgc/g00ub73a.fhlem807.g00ub73a.fhlenad7/?pc=https%3A%2F%2Fitem.rakuten.co.jp%2Fnitirakuya%2F4969527504681%2F&m=http%3A%2F%2Fm.rakuten.co.jp%2Fnitirakuya%2Fi%2F10003535%2F&rafcid=wsc_i_is_ee1229f7-691f-4a67-9e6c-9d1f5819b2d1,false,,false,,,,,false
12,化粧下地,マキアージュ ドラマティックスキンセンサーベース NEO　ラベンダー,マキアージュ,"¥2,970 / 25mL","皮脂・テカリ,毛穴",SPF50+・PA++++。テカリと乾燥をダブルで防ぎ、使うたび、毛穴の目立たない透明感のある素肌に。13時間化粧もち。,IMG_0361.jpg,https://www.amazon.co.jp/dp/B0BR7KP1SX/ref=nosim?tag=yyy0410mmm-22,https://hb.afl.rakuten.co.jp/hgc/g00rqr1a.fhlem549.g00rqr1a.fhlen97e/?pc=https%3A%2F%2Fitem.rakuten.co.jp%2Fkaigonagomi%2F4909978145958-1%2F&m=http%3A%2F%2Fm.rakuten.co.jp%2Fkaigonagomi%2Fi%2F10002776%2F&rafcid=wsc_i_is_ee1229f7-691f-4a67-9e6c-9d1f5819b2d1,false,,false,,,,https://thumbnail.image.rakuten.co.jp/@0_mall/kaigonagomi/cabinet/rakuten/imgrc0105374516.jpg,false
13,化粧下地,なめらか本舗 スキンケアUV下地,なめらか本舗,"¥1,100 / 50g","肌荒れ,時短",SPF45・PA+++ / ノンケミカル処方のスキンケアUV下地。一日中べたつかず、乾燥・皮脂崩れを防止します。,IMG_0360.jpg,https://www.amazon.co.jp/dp/B08TB33W7P/ref=nosim?tag=yyy0410mmm-22,https://hb.afl.rakuten.co.jp/hgc/g00ugyna.fhleme36.g00ugyna.fhlen30d/?pc=https%3A%2F%2Fitem.rakuten.co.jp%2Frakutensokuhaimart%2F4964596702778%2F&m=http%3A%2F%2Fm.rakuten.co.jp%2Frakutensokuhaimart%2Fi%2F10036181%2F&rafcid=wsc_i_is_ee1229f7-691f-4a67-9e6c-9d1f5819b2d1,false,,false,,,,,false
14,化粧下地,エクセル モチベートユアスキン,エクセル,"¥1,980 / 40g","毛穴,時短",SPF48・PA+++ / ノンケミカル処方。皮脂崩れ・乾燥崩れをダブルで防止。スキンケア感覚の薄膜でつるんとたまご肌に。,IMG_0359.jpg,https://www.amazon.co.jp/dp/B0C8N9JQZM/ref=nosim?tag=yyy0410mmm-22,https://hb.afl.rakuten.co.jp/hgc/g00tw2pa.fhlemc60.g00tw2pa.fhlen88a/?pc=https%3A%2F%2Fitem.rakuten.co.jp%2Fbeautyland%2F4964596781995%2F&m=http%3A%2F%2Fm.rakuten.co.jp%2Fbeautyland%2Fi%2F10000068%2F&rafcid=wsc_i_is_ee1229f7-691f-4a67-9e6c-9d1f5819b2d1,false,,false,,,,https://thumbnail.image.rakuten.co.jp/@0_mall/beautyland/cabinet/compass1771565508.jpg,false
15,化粧下地,VDL トーンステイン カラーコレクティングプライマー,VDL,"¥3,080 / 30mL","色ムラ,くすみ",SPF20・PA++ / 酸化亜鉛フリー。なめらかに密着して凹凸してくすみをカバーし、多幸感のツヤピンクでトーンアップ。,IMG_0358.jpg,https://www.amazon.co.jp/dp/B0DXPQ8MQ4?th=1&linkCode=ll2&tag=yyy0410mmm-22&linkId=deb824141ece563615a69c32b8d24f0d&ref_=as_li_ss_tl,https://hb.afl.rakuten.co.jp/ichiba/386b12d1.df50f68f.386b12d2.1eff477e/?pc=https%3A%2F%2Fitem.rakuten.co.jp%2Fn-yakuhin%2F4589631363563-1kea%2F&link_type=hybrid_url&ut=eyJwYWdlIjoiaXRlbSIsInR5cGUiOiJoeWJyaWRfdXJsIiwic2l6ZSI6IjI0MHgyNDAiLCJuYW1iOjEsIm5hbXAiOjEsImNvbSI6MSwiY29tcCI6MSwiYm9yIjoxLCJjb2wiOjEsImJidG4iOjEsImJtcCI6ZmFsc2V9,false,,false,,,,,false
16,化粧下地,ファシオ 日焼け・崩れ防止 下地,ファシオ,"¥1,100 / 25g","テカリ,崩れ",SPF50+・PA++++。ノンケミカル。汗・水・皮脂に強く、13時間テカらず明るいツヤ肌をキープ。,IMG_0363.jpg,https://www.amazon.co.jp/dp/B0CVL35MS6/ref=nosim?tag=yyy0410mmm-22,https://hb.afl.rakuten.co.jp/hgc/g00qawwa.fhlem690.g00qawwa.fhlen929/?pc=https%3A%2F%2Fitem.rakuten.co.jp%2Fcosmecomonline%2F1000185156%2F&m=http%3A%2F%2Fm.rakuten.co.jp%2Fcosmecomonline%2Fi%2F10159170%2F&rafcid=wsc_i_is_ee1229f7-691f-4a67-9e6c-9d1f5819b2d1,false,,false,,,,https://thumbnail.image.rakuten.co.jp/@0_mall/cosmecomonline/cabinet/item-img239/item_1000185156_3.jpg,false
17,化粧下地,マキアージュ エッセンスベース EX ピュアアイボリー,マキアージュ,"¥3,300（税込） / 30g","毛穴,乾燥",SPF50+・PA++++。たっぷりの美容液で下地成分を包み、美容液が肌に届く。毛穴の凹凸を補正しながら塗るたびに本物の「キレイな素肌」へ。,IMG_0362.jpg,https://www.amazon.co.jp/dp/B0FFSJGLT6/ref=nosim?tag=yyy0410mmm-22,https://hb.afl.rakuten.co.jp/hgc/g00ss0ea.fhlem7ea.g00ss0ea.fhlen774/?pc=https%3A%2F%2Fitem.rakuten.co.jp%2Fmatsuya-cosme%2F23800-1%2F&m=http%3A%2F%2Fm.rakuten.co.jp%2Fmatsuya-cosme%2Fi%2F10009917%2F&rafcid=wsc_i_is_ee1229f7-691f-4a67-9e6c-9d1f5819b2d1,false,,false,,,,https://thumbnail.image.rakuten.co.jp/@0_mall/matsuya-cosme/cabinet/imgrc0104202874.jpg,false
18,CCクリーム,コスメデコルテ サンシェルター マルチ プロテクション トーンアップCC,コスメデコルテ,"¥3,300 / 35g","毛穴,UV",SPF50+・PA++++。水膜ヴェール美しい素肌感をひき出す。高いプロテクション機能と素肌感を両立。,IMG_0367.jpg,https://www.amazon.co.jp/dp/B0C42S3LJ6/ref=nosim?tag=yyy0410mmm-22,https://hb.afl.rakuten.co.jp/hgc/g00tnwta.fhlem0d3.g00tnwta.fhlenaf1/?pc=https%3A%2F%2Fitem.rakuten.co.jp%2Ffancylifecosme%2F4971710376524%2F&m=http%3A%2F%2Fm.rakuten.co.jp%2Ffancylifecosme%2Fi%2F10001694%2F&rafcid=wsc_i_is_ee1229f7-691f-4a67-9e6c-9d1f5819b2d1,false,,false,,,,https://thumbnail.image.rakuten.co.jp/@0_mall/fancylifecosme/cabinet/biiino/award/4971711482997768.jpg,false
19,CCクリーム,SK-II ジェノプティクス オーラ エッセンス（CCプライマー）,SK−Ⅱ,"¥11,550 / 30g","エイジングケア,ツヤ",SPF50+・PA++++。濃縮ピテラ™、ナイアシンアミド、ビサボロール配合。しっかりカバー力はありながら、スキンケア効果で内側から輝きを与え、8時間続く「輝くオーラ肌」,IMG_0365.jpg,https://www.amazon.co.jp/dp/B0DZCQVNY6?tag=onamzyyy0410m-22,https://item.rakuten.co.jp/sk-ii/gccr/,false,,false,,,,,false
20,日焼け止め,ダルバ ウォータフル トーンアップサンクリーム（カバーベージュ）,ダルバ,"¥2,860 / 50mL","シミ・くすみ,毛穴",SPF50+・PA++++。水分エッセンス71%。赤みや毛穴の凹凸を自然にカバーしツヤ肌へ。,IMG_0357.jpg,https://www.amazon.co.jp/dp/B0FFT2G1TS?tag=onamzyyy0410m-22,https://item.rakuten.co.jp/dalba/10000072/,false,,false,,,,,false
21,化粧下地,イハダ 薬用フェイスプロテクトUVミルク クリアベージュ【医薬部外品】,イハダ,"¥1,980 / 30mL","敏感肌,ニキビ",SPF50+・PA++++ / ノンケミカル処方。高精製ワセリン等配合。紫外線や花粉から守るバリア処方。,IMG_0356.jpg,https://www.amazon.co.jp/dp/B0CSSSWY6N/ref=nosim?tag=yyy0410mmm-22,https://hb.afl.rakuten.co.jp/hgc/g00rbnva.fhlem6d5.g00rbnva.fhlened0/?pc=https%3A%2F%2Fitem.rakuten.co.jp%2Ftsuruha%2F10164610%2F&m=http%3A%2F%2Fm.rakuten.co.jp%2Ftsuruha%2Fi%2F10099852%2F&rafcid=wsc_i_is_ee1229f7-691f-4a67-9e6c-9d1f5819b2d1,false,,false,,,,https://thumbnail.image.rakuten.co.jp/@0_mall/tsuruha/cabinet/shouhin76/10164610_2.jpg,false
22,化粧下地,ミノン アミノモイスト エイジングケア デイクリームUV【医薬部外品】,ミノン,"¥2,860 / 30g","エイジングケア,敏感肌",SPF50+・PA++++ / ノンケミカル処方。ナイアシンアミド配合でシワ改善・シミ予防。さらにグリチルリチン酸2Kが敏感肌のバリア機能を守る。,IMG_0353.jpg,https://www.amazon.co.jp/dp/B0DCDTY3J5/ref=nosim?tag=yyy0410mmm-22,https://hb.afl.rakuten.co.jp/hgc/g00ug6ka.fhlem27a.g00ug6ka.fhlend33/?pc=https%3A%2F%2Fitem.rakuten.co.jp%2Fyotsubadrug%2F4987107675200%2F&m=http%3A%2F%2Fm.rakuten.co.jp%2Fyotsubadrug%2Fi%2F10002152%2F&rafcid=wsc_i_is_ee1229f7-691f-4a67-9e6c-9d1f5819b2d1,false,,false,,,ナイアシンアミド,https://thumbnail.image.rakuten.co.jp/@0_mall/yotsubadrug/cabinet/10926348/4987107675200_1.jpg,false
23,化粧下地,HERA コレクティングベースUV,HERA,"¥5,610 / 35mL","シミ・くすみ,毛穴",スキンケア成分74%配合。薄膜で密着して毛穴まで繊細に包み込み、肌のキメとトーンを美しく補正。,IMG_0366.jpg,,https://hb.afl.rakuten.co.jp/hgc/g00qawwa.fhlem690.g00qawwa.fhlen929/?pc=https%3A%2F%2Fitem.rakuten.co.jp%2Fcosmecomonline%2F1000229179%2F&m=http%3A%2F%2Fm.rakuten.co.jp%2Fcosmecomonline%2Fi%2F10177050%2F&rafcid=wsc_i_is_ee1229f7-691f-4a67-9e6c-9d1f5819b2d1,false,,false,,,,,false
24,日焼け止め,キュレル 潤浸保湿 スキンリペアUVセラム,キュレル,"¥2,200 / 60g","敏感肌,乾燥",SPF50・PA+++ / ノンケミカル処方。微細なUVカット成分を包み込むセラムカプセルと、潤いを与えるセラミドケアで使うたびに焼けにくい肌に。,IMG_0870.jpg,https://www.amazon.co.jp/dp/B0GBVJ7G3P/ref=nosim?tag=yyy0410mmm-22,https://hb.afl.rakuten.co.jp/hgc/g00ufaua.fhlem24c.g00ufaua.fhlenb71/?pc=https%3A%2F%2Fitem.rakuten.co.jp%2Frakuten24-cosmetics%2F4901301462602%2F&m=http%3A%2F%2Fm.rakuten.co.jp%2Frakuten24-cosmetics%2Fi%2F10051979%2F&rafcid=wsc_i_is_ee1229f7-691f-4a67-9e6c-9d1f5819b2d1,false,,false,,,,https://thumbnail.image.rakuten.co.jp/@0_mall/rakuten24-cosmetics/cabinet/602/4901301462602.jpg,false
25,日焼け止め,by365 パウダリーUVジェル,By365,"¥1,089 / 70g","テカリ,崩れ",SPF50+・PA++++ / 酸化亜鉛フリー。水感ジェルが塗ると「さらっ」と変化し、潤いを持続させる新感覚パウダリーUV処方。,IMG_0872.jpg,https://www.amazon.co.jp/dp/B0GF7NL6KG/ref=nosim?tag=yyy0410mmm-22,https://hb.afl.rakuten.co.jp/hgc/g00txe8a.fhlema1b.g00txe8a.fhlen7d0/?pc=https%3A%2F%2Fitem.rakuten.co.jp%2Fn-yakuhin%2F4955814723262-1kea%2F&m=http%3A%2F%2Fm.rakuten.co.jp%2Fn-yakuhin%2Fi%2F10030889%2F&rafcid=wsc_i_is_ee1229f7-691f-4a67-9e6c-9d1f5819b2d1,false,,false,,,,https://thumbnail.image.rakuten.co.jp/@0_mall/n-yakuhin/cabinet/12673347/4955814723262.jpg,false
26,日焼け止め,オルビス リンクルブライトUVプロテクター N,オルビス,"¥3,850 / 50g","エイジングケア,美白",SPF50+・PA++++。シワ改善・美白有効成分ナイアシンアミド配合。紫外線を察知して膜を強固にする瞬間オートディフェンステクノロジー搭載。,IMG_0873.jpg,https://www.amazon.co.jp/dp/B0GLP7GYMX/ref=nosim?tag=yyy0410mmm-22,https://hb.afl.rakuten.co.jp/hgc/g00txe1a.fhlem3ea.g00txe1a.fhlend85/?pc=https%3A%2F%2Fitem.rakuten.co.jp%2Forbis-shop%2Fr4908064090790%2F&m=http%3A%2F%2Fm.rakuten.co.jp%2Forbis-shop%2Fi%2F10000811%2F&rafcid=wsc_i_is_ee1229f7-691f-4a67-9e6c-9d1f5819b2d1,false,,false,,,ナイアシンアミド,https://thumbnail.image.rakuten.co.jp/@0_mall/orbis-shop/cabinet/orbis_prd/90/real-r4908064090790.jpg,false
27,日焼け止め,アネッサ パーフェクトUV スキンケアジェル NB,アネッサ,"¥1,496 / 40g","乾燥,UV",SPF50+・PA++++。湿度変化に応じて肌上の水分バランスを自動で保つ「オートモイストバランス技術」搭載し、紫外線からも環境変化からもシミを防ぐ。,IMG_0874.jpg,https://www.amazon.co.jp/dp/B0GFL5YFTX/ref=nosim?tag=yyy0410mmm-22,https://hb.afl.rakuten.co.jp/hgc/g00r136a.fhlemc18.g00r136a.fhlenc1f/?pc=https%3A%2F%2Fitem.rakuten.co.jp%2Frakuten24%2F406689%2F&m=http%3A%2F%2Fm.rakuten.co.jp%2Frakuten24%2Fi%2F11386629%2F&rafcid=wsc_i_is_ee1229f7-691f-4a67-9e6c-9d1f5819b2d1,true,,false,,,,,false
28,日焼け止め,アネッサ ブライトニングUV ジェル NA,アネッサ,"¥1,496 / 40g","シミ,くすみ",SPF50+・PA++++。美白有効成分m-トラネキサム酸と厳選スキンケア成分配合。黄ぐすみを補正し、ラベンダーピンクで透明感のある肌に。,IMG_0875.jpg,https://www.amazon.co.jp/dp/B0GFKM4LJ9?th=1&linkCode=ll2&tag=yyy0410mmm-22&linkId=04e90a1cb79543e9d7c97cb274fc248c&ref_=as_li_ss_tl,https://hb.afl.rakuten.co.jp/ichiba/2ca08a56.32b50dbd.2ca08a57.148290c7/?pc=https%3A%2F%2Fitem.rakuten.co.jp%2Fsundrug%2F4909978261344%2F&link_type=hybrid_url&ut=eyJwYWdlIjoiaXRlbSIsInR5cCI6Iml0ZW0iLCJuYW1wIjoyLCJuYW1pIjoicmlnaHQiLCJjb2wiOjEsImJvciI6MSwiY29tcCI6MSwiYmJ0biI6MSwiYW1wIjpmYWxzZX0%3D,false,,false,,,m-トラネキサム酸,,false
29,化粧下地,乾燥さん 保湿力スキンケア下地,乾燥さん,"¥1,430 / 30g","乾燥,時短",SPF37・PA+++ / 石けんオフ設計。ワセリン、ナイアシンアミド等配合。洗顔後これ1つで6in1のオールインワン。,IMG_0876.jpg,https://www.amazon.co.jp/dp/B09QVJKFJY/ref=nosim?tag=yyy0410mmm-22,https://hb.afl.rakuten.co.jp/hgc/g00u993a.fhlemdaa.g00u993a.fhlend4b/?pc=https%3A%2F%2Fitem.rakuten.co.jp%2Fbcl-official%2F1013190572-01396%2F&m=http%3A%2F%2Fm.rakuten.co.jp%2Fbcl-official%2Fi%2F10000723%2F&rafcid=wsc_i_is_ee1229f7-691f-4a67-9e6c-9d1f5819b2d1,false,,false,,,,,false
30,化粧下地,ETVOS ミネラルUVアクアセラム50＋ クリアグロウ,エトヴォス,"¥3,960 / 30g","敏感肌,ツヤ",SPF50+・PA++++ / 美容液のような感触でノンケミカル処方。敏感肌に、うるおいパックの心地よさでみずみずしい肌続く。,IMG_0877.jpg,,https://hb.afl.rakuten.co.jp/hgc/g00utnwa.fhlem810.g00utnwa.fhlen987/?pc=https%3A%2F%2Fitem.rakuten.co.jp%2Fosharestore2025%2F4580682137011%2F&m=http%3A%2F%2Fm.rakuten.co.jp%2Fosharestore2025%2Fi%2F10009800%2F&rafcid=wsc_i_is_ee1229f7-691f-4a67-9e6c-9d1f5819b2d1,false,,false,,,,https://thumbnail.image.rakuten.co.jp/@0_mall/osharestore2025/cabinet/12653418/12683284/4580682137011.jpg,false
31,日焼け止め,ソフィーナ iP スキンケアUV 01 乾燥しがちな肌環境,ソフィーナiP,"¥2,970 / 30g","乾燥,UV",SPF50+・PA++++。乾燥しがちな肌に水分を補給しながら、日中の紫外線から守り抜く美容液UV。,IMG_0878.jpg,,https://hb.afl.rakuten.co.jp/hgc/g00sccja.fhlem39f.g00sccja.fhlen7f6/?pc=https%3A%2F%2Fitem.rakuten.co.jp%2Ffines-f%2F4901301448637%2F&m=http%3A%2F%2Fm.rakuten.co.jp%2Ffines-f%2Fi%2F10052685%2F&rafcid=wsc_i_is_ee1229f7-691f-4a67-9e6c-9d1f5819b2d1,false,,false,,,,https://thumbnail.image.rakuten.co.jp/@0_mall/fines-f/cabinet/12/4901301448637.jpg,false
32,日焼け止め,ソフィーナ iP スキンケアUV 03 シミができやすい肌環境【医薬部外品】,ソフィーナiP,"¥2,970 / 30g","シミ・くすみ,ニキビ",SPF50+・PA++++。有効成分カモミラET配合。過剰なメラニン生成を抑えてシミ・ソバカスを防ぐ薬用処方。,IMG_0879.jpg,https://www.amazon.co.jp/dp/B0DQTSZQQY/ref=nosim?tag=yyy0410mmm-22,https://hb.afl.rakuten.co.jp/hgc/g00sccja.fhlem39f.g00sccja.fhlen7f6/?pc=https%3A%2F%2Fitem.rakuten.co.jp%2Ffines-f%2F4901301423917%2F&m=http%3A%2F%2Fm.rakuten.co.jp%2Ffines-f%2Fi%2F10052696%2F&rafcid=wsc_i_is_ee1229f7-691f-4a67-9e6c-9d1f5819b2d1,false,,false,,,カモミラET,https://thumbnail.image.rakuten.co.jp/@0_mall/fines-f/cabinet/12/4901301423917.jpg,false
33,化粧下地,アネッサ デイセラム N【医薬部外品】,アネッサ,"¥3,498 / 30mL","ハリ,ツヤ",SPF50+・PA++++。紫外線を徹底的にブロックしつつ、美容効果のある光に変換する技術を搭載した日中用UV美容乳液。,IMG_0880.jpg,https://www.amazon.co.jp/dp/B0DSPDHCWT?tag=onamzyyy0410m-22,https://hb.afl.rakuten.co.jp/ichiba/3a7a3323.623c5a77.3a7a3324.f3eeec80/?pc=https%3A%2F%2Fitem.rakuten.co.jp%2Fyayoi-cosme%2F20977%2F&link_type=hybrid_url&ut=eyJwYWdlIjoiaXRlbSIsInR5cGUiOiJoeWJyaWRfdXJsIiwic2l6ZSI6IjI0MHgyNDAiLCJuYW0iOjEsIm5hbXAiOiJyaWdodCIsImNvbSI6MSwiY29tcCI6ImRvd24iLCJwcmljZSI6MSwiYm9yIjoxLCJjb2wiOjEsImJidG4iOjEsInByb2QiOjAsImFtcCI6ZmFsc2V9,false,,false,,,,,false
34,化粧水,角層トリートメント 基礎化粧液,ソフィーナ iP,"¥2,420 / 160mL","乾燥,ニキビ",世界初の角層トリートメント処方。乾燥して固くなった角層細胞に水分を保持させ、やわらかな肌へ導く。,IMG_1053.jpg,https://www.amazon.co.jp/dp/B0CGXDVN78/ref=nosim?tag=yyy0410mmm-22,https://hb.afl.rakuten.co.jp/hgc/g00ufaua.fhlem24c.g00ufaua.fhlenb71/?pc=https%3A%2F%2Fitem.rakuten.co.jp%2Frakuten24-cosmetics%2F4901301422941%2F&m=http%3A%2F%2Fm.rakuten.co.jp%2Frakuten24-cosmetics%2Fi%2F10033789%2F&rafcid=wsc_i_is_ee1229f7-691f-4a67-9e6c-9d1f5819b2d1,false,,false,,,,https://thumbnail.image.rakuten.co.jp/@0_mall/rakuten24-cosmetics/cabinet/941/4901301422941.jpg,true
35,化粧水,カルテHD モイスチュア ローション,カルテHD,"¥2,090（税込） / 150mL","敏感肌,乾燥",アルコールフリー・無香料。有効成分ヘパリン類似物質HD・グリチルリチン酸ジカリウム。うるおい構造を立て直す高保湿処方。,IMG_1054.jpg,https://www.amazon.co.jp/dp/B0D254MRSQ/ref=nosim?tag=yyy0410mmm-22,https://hb.afl.rakuten.co.jp/hgc/g00rbnva.fhlem6d5.g00rbnva.fhlened0/?pc=https%3A%2F%2Fitem.rakuten.co.jp%2Ftsuruha%2F10160979%2F&m=http%3A%2F%2Fm.rakuten.co.jp%2Ftsuruha%2Fi%2F10096246%2F&rafcid=wsc_i_is_ee1229f7-691f-4a67-9e6c-9d1f5819b2d1,false,,false,,,ヘパリン類似物質,https://carte-beauty.com/img/goods/L/PHLE_2b53002bbd694dad872624d7c1bb8326.jpg,true
36,化粧水,オルビスユー ドット エッセンスローション【医薬部外品】,オルビス,"¥3,630 / 180mL","エイジングケア,たるみ",アルコールフリー・無香料。有効成分トラネキサム酸配合。GLルートブースター等の保湿成分が角層深くまで浸透し、ハリと透明感を与える最高峰エイジングケア処方。,IMG_1055.jpg,https://www.amazon.co.jp/dp/B0CDZNH4GV/ref=nosim?tag=yyy0410mmm-22,https://hb.afl.rakuten.co.jp/hgc/g00txe1a.fhlem3ea.g00txe1a.fhlend85/?pc=https%3A%2F%2Fitem.rakuten.co.jp%2Forbis-shop%2Fo0099%2F&m=http%3A%2F%2Fm.rakuten.co.jp%2Forbis-shop%2Fi%2F10000872%2F&rafcid=wsc_i_is_ee1229f7-691f-4a67-9e6c-9d1f5819b2d1,false,,false,,,トラネキサム酸,https://www.orbis.co.jp/cms/product/images/80/9011.jpg,true
37,化粧水,美白化粧水TA ノンアルコール【医薬部外品】,ちふれ,¥990 / 180mL,"敏感肌,美白",アルコールフリー・無香料。有効成分トラネキサム酸配合。肌荒れを防ぎながらシミ・ソバカスを防ぐ、やさしい使い心地の美白処方。,IMG_1056.jpg,https://www.amazon.co.jp/dp/B0C844QHTB/ref=nosim?tag=yyy0410mmm-22,https://hb.afl.rakuten.co.jp/hgc/g00ufaua.fhlem24c.g00ufaua.fhlenb71/?pc=https%3A%2F%2Fitem.rakuten.co.jp%2Frakuten24-cosmetics%2F4974972298412%2F&m=http%3A%2F%2Fm.rakuten.co.jp%2Frakuten24-cosmetics%2Fi%2F10032791%2F&rafcid=wsc_i_is_ee1229f7-691f-4a67-9e6c-9d1f5819b2d1,false,,false,,,トラネキサム酸,https://thumbnail.image.rakuten.co.jp/@0_mall/rakuten24-cosmetics/cabinet/412/4974972298412.jpg,true
38,化粧水,トリートメントローション （ブライトニング）【医薬部外品】,アクアレーベル,"¥1,430 / 170mL","シミ,くすみ",有効成分4MSK。浸透美容アミノ酸配合で、角層深くまでうるおいと美白成分を届ける美容液級の化粧水。,IMG_1057.jpg,https://www.amazon.co.jp/dp/B0CSSWS9TP/ref=nosim?tag=yyy0410mmm-22,https://hb.afl.rakuten.co.jp/hgc/g00r136a.fhlemc18.g00r136a.fhlenc1f/?pc=https%3A%2F%2Fitem.rakuten.co.jp%2Frakuten24%2F4909978180119%2F&m=http%3A%2F%2Fm.rakuten.co.jp%2Frakuten24%2Fi%2F11254126%2F&rafcid=wsc_i_is_ee1229f7-691f-4a67-9e6c-9d1f5819b2d1,false,,false,,,4MSK,https://thumbnail.image.rakuten.co.jp/@0_mall/rakuten24/cabinet/119/4909978180119.jpg,true
39,化粧水,ONE BY KOSÉ セラムヴェール ローション,ONE BY KOSÉ,"¥3,300（税込） / 180mL","乾燥,毛穴",アレルギーテスト済み。ライスパワー®No.7・NMF成分配合。水分と油分のバランスを整え、うるおいを根づかせるディープハイドロテクノロジー。,IMG_1058.jpg,https://www.amazon.co.jp/dp/B0FBVBXMYK/ref=nosim?tag=yyy0410mmm-22,https://hb.afl.rakuten.co.jp/hgc/g00ufaua.fhlem24c.g00ufaua.fhlenb71/?pc=https%3A%2F%2Fitem.rakuten.co.jp%2Frakuten24-cosmetics%2F4971710599923%2F&m=http%3A%2F%2Fm.rakuten.co.jp%2Frakuten24-cosmetics%2Fi%2F10048195%2F&rafcid=wsc_i_is_ee1229f7-691f-4a67-9e6c-9d1f5819b2d1,false,,false,,,,https://thumbnail.image.rakuten.co.jp/@0_mall/rakuten24-cosmetics/cabinet/923/4971710599923.jpg,true
40,化粧水,トリートメントローション （モイストスムース）【医薬部外品】,アクアレーベル,"¥1,650 / 170mL","毛穴,ニキビ",有効成分グリチルリチン酸ジカリウム・グリシルグリシン配合。大人毛穴や肌荒れをケアし、なめらかなたまご肌へ導く処方。,IMG_1059.jpg,https://www.amazon.co.jp/s?k=%E3%82%A2%E3%82%AF%E3%82%A2%E3%83%AC%E3%83%BC%E3%83%99%E3%83%AB%20%E3%83%88%E3%83%AA%E3%83%BC%E3%83%88%E3%83%A1%E3%83%B3%E3%83%88%E3%83%AD%E3%83%BC%E3%82%B7%E3%83%A7%E3%83%B3%20%EF%BC%88%E3%83%A2%E3%82%A4%E3%82%B9%E3%83%88%E3%82%B9%E3%83%A0%E3%83%BC%E3%82%B9%EF%BC%89%E3%80%90%E5%8C%BB%E8%96%AC%E9%83%A8%E5%A4%96%E5%93%81%E3%80%91&i=beauty&tag=onamzyyy0410m-22,https://hb.afl.rakuten.co.jp/ichiba/32b6c430.ea0d1e6a.32b6c431.75416e52/?pc=https%3A%2F%2Fitem.rakuten.co.jp%2Fkusurinofukutaro%2F10181419%2F&link_type=hybrid_url&ut=eyJwYWdlIjoiaXRlbSIsInR5cGUiOiJoeWJyaWRfdXJsIiwic2l6ZSI6IjI0MHgyNDAiLCJuYW0iOjEsIm5hbXAiOiJyaWdodCIsImNvbSI6MSwiY29tcCI6ImRvd24iLCJwcmljZSI6MSwiYm9yIjoxLCJjb2wiOjEsImJidG4iOjEsInByb2QiOjAsImFtcCI6ZmFsc2V9,false,,false,,,グリチルリチン酸2K,,false
41,化粧水,モイスチュア フェイス＆ボディスプレー【医薬部外品】,カルテHD,¥990 / 60g,"乾燥,敏感肌",アルコールフリー・無香料。有効成分ヘパリン類似物質HD配合。ふんわり微細なミストで、メイクの上からでもうるおい構造を立て直す。,IMG_1060.jpg,,https://hb.afl.rakuten.co.jp/hgc/g00qvyfa.fhlembc3.g00qvyfa.fhlen102/?pc=https%3A%2F%2Fitem.rakuten.co.jp%2Fsundrug%2F4971710572605%2F&m=http%3A%2F%2Fm.rakuten.co.jp%2Fsundrug%2Fi%2F10115400%2F&rafcid=wsc_i_is_ee1229f7-691f-4a67-9e6c-9d1f5819b2d1,false,,false,,,ヘパリン類似物質,https://thumbnail.image.rakuten.co.jp/@0_mall/sundrug/cabinet/66/4971710572605.jpg,true
42,化粧水,薬用エイジングケアミスト化粧水【医薬部外品】,なめらか本舗,"¥1,210 / 150g","エイジングケア,時短",無香料・無着色。有効成分ナイアシンアミド・ピュアレチノール・豆乳発酵液配合。微細ミストでシワ改善とシミ予防を同時に叶える処方。,IMG_1061.jpg,https://www.amazon.co.jp/dp/B0D9VZTP9P/ref=nosim?tag=yyy0410mmm-22,https://hb.afl.rakuten.co.jp/hgc/g00qawwa.fhlem690.g00qawwa.fhlen929/?pc=https%3A%2F%2Fitem.rakuten.co.jp%2Fcosmecomonline%2F1000193319%2F&m=http%3A%2F%2Fm.rakuten.co.jp%2Fcosmecomonline%2Fi%2F10161853%2F&rafcid=wsc_i_is_ee1229f7-691f-4a67-9e6c-9d1f5819b2d1,false,,false,,,"ナイアシンアミド,レチノール",https://thumbnail.image.rakuten.co.jp/@0_mall/cosmecomonline/cabinet/item-img223/item_1000193319_1.jpg,true
43,化粧水,バランシングGAローション モイスト,トゥヴェール,"¥2,000 / 100mL","毛穴,皮脂・テカリ",アルコールフリー・オイルフリー。グリシルグリシン6%・アゼライン酸誘導体配合。皮脂トラブルやザラつきをケアし、キメを整える高浸透処方。,IMG_1062.jpg,https://www.amazon.co.jp/dp/B0FJXD8J5D?tag=onamzyyy0410m-22,https://hb.afl.rakuten.co.jp/ichiba/2c9f7caa.f2f3298f.2c9f7cab.d225e2f2/?pc=https%3A%2F%2Fitem.rakuten.co.jp%2Ftvert%2F352%2F&link_type=hybrid_url&ut=eyJwYWdlIjoiaXRlbSIsInR5cGUiOiJoeWJyaWRfdXJsIiwic2l6ZSI6IjI0MHgyNDAiLCJuYW0iOjEsIm5hbXAiOiJyaWdodCIsImNvbSI6MSwiY29tcCI6ImRvd24iLCJwcmljZSI6MSwiYm9yIjoxLCJjb2wiOjEsImJidG4iOjEsInByb2QiOjAsImFtcCI6ZmFsc2V9,false,,false,,,,,false
44,化粧水,アベンヌ ウオーター,アベンヌ,¥770 / 50g,"敏感肌,乾燥",防腐剤・アルコールフリー・無香料。南仏アベンヌの温泉水100%。肌のバリア機能を整える独自のミネラルバランス（カルシウム:マグネシウム=2:1）で健やかな肌へ。,IMG_1063.jpg,https://www.amazon.co.jp/dp/B000S20708/ref=nosim?tag=yyy0410mmm-22,https://hb.afl.rakuten.co.jp/hgc/g00usr4a.fhlem60e.g00usr4a.fhlenfaa/?pc=https%3A%2F%2Fitem.rakuten.co.jp%2Favene-officialshop%2Fa0001%2F&m=http%3A%2F%2Fm.rakuten.co.jp%2Favene-officialshop%2Fi%2F10000001%2F&rafcid=wsc_i_is_ee1229f7-691f-4a67-9e6c-9d1f5819b2d1,false,,false,,,,https://www.avene.co.jp/_src/45196898/product-image_water2024-3%401.5x.png?v=1762933997490,true
45,化粧水,バリアショットローション,トゥヴェール,"¥2,340 / 120mL","敏感肌,乾燥",パッチテスト済み。ナノ化高精製ワセリン、4種のヒト型セラミド、エクトイン配合。バリアのすき間を狙い打って角層深くまで浸透し、乾燥や肌荒れを防ぐ。,IMG_1064.jpg,https://www.amazon.co.jp/dp/B0FSRZCL24?tag=onamzyyy0410m-22,https://hb.afl.rakuten.co.jp/ichiba/2c9f7caa.f2f3298f.2c9f7cab.d225e2f2/?pc=https%3A%2F%2Fitem.rakuten.co.jp%2Ftvert%2F386%2F&link_type=hybrid_url&ut=eyJwYWdlIjoiaXRlbSIsInR5cGUiOiJoeWJyaWRfdXJsIiwic2l6ZSI6IjI0MHgyNDAiLCJuYW0iOjEsIm5hbXAiOiJyaWdodCIsImNvbSI6MSwiY29tcCI6ImRvd24iLCJwcmljZSI6MSwiYm9yIjoxLCJjb2wiOjEsImJidG4iOjEsInByb2QiOjAsImFtcCI6ZmFsc2V9,false,,false,,,,,false
46,化粧水,薬用ローション（とてもしっとり）【医薬部外品】,イハダ,"¥1,650 / 180mL","敏感肌,乾燥",アルコールフリー・無香料。有効成分アラントイン、グリチルリチン酸塩。高精製ワセリンを配合し、乾燥などの外部刺激から肌を保護して肌荒れを防ぐ。,IMG_1066.jpg,,https://hb.afl.rakuten.co.jp/hgc/g00u7lla.fhlem0f2.g00u7lla.fhlendbe/?pc=https%3A%2F%2Fitem.rakuten.co.jp%2Fshopqueen%2Fih26126%2F&m=http%3A%2F%2Fm.rakuten.co.jp%2Fshopqueen%2Fi%2F10001001%2F&rafcid=wsc_i_is_ee1229f7-691f-4a67-9e6c-9d1f5819b2d1,false,,false,,,アラントイン,https://thumbnail.image.rakuten.co.jp/@0_mall/shopqueen/cabinet/shiseido/ihada/imgrc0101181890.jpg,false
47,化粧水,アトバリア365 クリームミスト,エストラ,"¥2,500 / 120mL","乾燥,敏感肌","セラミドを10,000ppmと高濃度に配合したダーマコスメ処方。乾燥した肌に微細なミストで水分を補給し、強固なうるおいバリアを形成する。",IMG_1067.jpg,https://www.amazon.co.jp/dp/B09BHSJQHB/ref=nosim?tag=yyy0410mmm-22,https://hb.afl.rakuten.co.jp/hgc/g00ukqia.fhlem1a3.g00ukqia.fhlene8f/?pc=https%3A%2F%2Fitem.rakuten.co.jp%2Faestura-japan%2Fatobarrier365creammist%2F&m=http%3A%2F%2Fm.rakuten.co.jp%2Faestura-japan%2Fi%2F10000011%2F&rafcid=wsc_i_is_ee1229f7-691f-4a67-9e6c-9d1f5819b2d1,false,,false,,,セラミド,https://jp.aestura.com/cdn/shop/files/1200x1200_a87ecb6d-6c35-40f5-9caa-8fd6da3532e3.png?v=1739233566,true
48,化粧水,薬用雪肌精 ブライトニング エッセンス ローション【医薬部外品】,雪肌精,"¥4,180 / 200mL","美白,ニキビ",和漢植物エキス配合。有効成分W-グリチルレチン酸ステアリル。独自の浸透技術で、肌あれを防ぎながら透明感あふれる雪のような肌へ導く。,yukisei-brightening-200ml.webp,https://www.amazon.co.jp/dp/B0CQK5YQ3Q/ref=nosim?tag=yyy0410mmm-22,https://hb.afl.rakuten.co.jp/hgc/g00t3lia.fhlem497.g00t3lia.fhlen4ba/?pc=https%3A%2F%2Fitem.rakuten.co.jp%2Fyayoi-cosme%2F57385%2F&m=http%3A%2F%2Fm.rakuten.co.jp%2Fyayoi-cosme%2Fi%2F10011746%2F&rafcid=wsc_i_is_ee1229f7-691f-4a67-9e6c-9d1f5819b2d1,false,,false,,,グリチルリチン酸,https://thumbnail.image.rakuten.co.jp/@0_mall/yayoi-cosme/cabinet/rakulogo/rakulogo19/09041184_02084.jpg,false
49,化粧水,リフトモイスト ローション SP III（とてもしっとり）【医薬部外品】,エリクシール,"¥3,300 / 170mL","たるみ,乾燥",有効成分トラネキサム酸。独自のコラーゲンGLや厳選成分が角層深くまで浸透し、ふっくらとしたハリと「つや玉」が続く肌へ。,IMG_1069.jpg,https://www.amazon.co.jp/dp/B0B81QWWML/ref=nosim?tag=yyy0410mmm-22,https://hb.afl.rakuten.co.jp/hgc/g00tdq5a.fhlem749.g00tdq5a.fhlen859/?pc=https%3A%2F%2Fitem.rakuten.co.jp%2Fjkmoru%2Fmoist_lotion%2F&m=http%3A%2F%2Fm.rakuten.co.jp%2Fjkmoru%2Fi%2F10001564%2F&rafcid=wsc_i_is_ee1229f7-691f-4a67-9e6c-9d1f5819b2d1,false,,false,,,トラネキサム酸,https://thumbnail.image.rakuten.co.jp/@0_mall/jkmoru/cabinet/08705062/12725837/4909978132026.jpg,false
50,化粧水,ブライトニング ローション WT III（とてもしっとり）【医薬部外品】,エリクシール,"¥3,630 / 170mL","エイジングケア,美白",美白有効成分4MSK、肌荒れ防止成分グリチルリチン酸ジカリウム。光の反射をコントロールし、透明感とハリに満ちた「つや玉」輝く肌へ。,IMG_1070.jpg,https://www.amazon.co.jp/dp/B0BR7L3Y53?tag=onamzyyy0410m-22,https://hb.afl.rakuten.co.jp/ichiba/3a7a3323.623c5a77.3a7a3324.f3eeec80/?pc=https%3A%2F%2Fitem.rakuten.co.jp%2Fyayoi-cosme%2F14258%2F&link_type=hybrid_url&ut=eyJwYWdlIjoiaXRlbSIsInR5cGUiOiJoeWJyaWRfdXJsIiwic2l6ZSI6IjI0MHgyNDAiLCJuYW0iOjEsIm5hbXAiOiJyaWdodCIsImNvbSI6MSwiY29tcCI6ImRvd24iLCJwcmljZSI6MSwiYm9yIjoxLCJjb2wiOjEsImJidG4iOjEsInByb2QiOjAsImFtcCI6ZmFsc2V9,false,,false,,,4MSK,,false
51,化粧水,クリームスキン ローション,ラネージュ,"¥3,630 / 170mL","乾燥,敏感肌",セラミドとペプチドを組み合わせた「セラペプチド™」。クリームをまるごと化粧水に溶かし込んだ処方で、みずみずしさと高い保湿力を両立。,IMG_1071.jpg,https://www.amazon.co.jp/dp/B0CN6DMCND/ref=nosim?tag=yyy0410mmm-22,https://hb.afl.rakuten.co.jp/hgc/g00r2fja.fhlem1bc.g00r2fja.fhlen48e/?pc=https%3A%2F%2Fitem.rakuten.co.jp%2Fblanc-lapin%2Flnecl0000005%2F&m=http%3A%2F%2Fm.rakuten.co.jp%2Fblanc-lapin%2Fi%2F10186851%2F&rafcid=wsc_i_is_ee1229f7-691f-4a67-9e6c-9d1f5819b2d1,false,,false,,,セラミド,https://thumbnail.image.rakuten.co.jp/@0_mall/blanc-lapin/cabinet/item/lne/lnecl0000005.jpg,true
52,化粧水,ｄ プログラム モイストケア ローション ＥＸ【医薬部外品】,dプログラム,"¥3,300 / 125mL","敏感肌,乾燥",アルコールフリー・無香料。有効成分トラネキサム酸、グリチルリチン酸ジカリウム。美肌菌に着目し、カサつきや乾燥を防いでしっとり美肌へ。,dprogram-moistcare-lotion-ex-125ml.png,https://www.amazon.co.jp/dp/B0FQTWJ7WD/ref=nosim?tag=yyy0410mmm-22,https://hb.afl.rakuten.co.jp/hgc/g00rwxpa.fhlemfbb.g00rwxpa.fhlen65a/?pc=https%3A%2F%2Fitem.rakuten.co.jp%2Fdrugkirin%2F4514254231470%2F&m=http%3A%2F%2Fm.rakuten.co.jp%2Fdrugkirin%2Fi%2F10104467%2F&rafcid=wsc_i_is_ee1229f7-691f-4a67-9e6c-9d1f5819b2d1,false,,false,,,トラネキサム酸,,true
53,化粧水,アミノモイスト モイストチャージ ローション II もっとしっとりタイプ,ミノン,"¥2,200 / 150mL","敏感肌,乾燥",アルコールフリー・無香料。9種の保潤アミノ酸、2種の清透アミノ酸配合。とろみのある液が角質層まで深く浸透し、ふっくらとした肌へ導く高保湿処方。,IMG_1073.jpg,https://www.amazon.co.jp/dp/B00SAS1BWA/ref=nosim?tag=yyy0410mmm-22,https://hb.afl.rakuten.co.jp/hgc/g00r136a.fhlemc18.g00r136a.fhlenc1f/?pc=https%3A%2F%2Fitem.rakuten.co.jp%2Frakuten24%2F4987107670397%2F&m=http%3A%2F%2Fm.rakuten.co.jp%2Frakuten24%2Fi%2F11355662%2F&rafcid=wsc_i_is_ee1229f7-691f-4a67-9e6c-9d1f5819b2d1,false,,false,,,,https://thumbnail.image.rakuten.co.jp/@0_mall/rakuten24/cabinet/397/4987107670397.jpg,true
54,化粧水,バイタライジング＆クリア ローション EX【医薬部外品】,dプログラム,"¥4,180 / 125mL","エイジングケア,美白",アルコールフリー・無香料。有効成分m-トラネキサム酸、グリチルリチン酸ジカリウム。美肌菌に着目し、角層バリアを整えながらエイジングケアと美白を同時に叶える処方。,IMG_1074.jpg,https://www.amazon.co.jp/dp/B07V52BLJ6/ref=nosim?tag=yyy0410mmm-22,https://hb.afl.rakuten.co.jp/hgc/g00ss0ea.fhlem7ea.g00ss0ea.fhlen774/?pc=https%3A%2F%2Fitem.rakuten.co.jp%2Fmatsuya-cosme%2F23148-1%2F&m=http%3A%2F%2Fm.rakuten.co.jp%2Fmatsuya-cosme%2Fi%2F10009932%2F&rafcid=wsc_i_is_ee1229f7-691f-4a67-9e6c-9d1f5819b2d1,false,,false,,,m-トラネキサム酸,https://thumbnail.image.rakuten.co.jp/@0_mall/matsuya-cosme/cabinet/imgrc0104399805.jpg,false
55,化粧水,toiro トイロ バランシングドロップ【医薬部外品】,ファンケル,"¥3,520 / 120mL","ニキビ,美白",防腐剤・アルコールフリー・無香料。有効成分トラネキサム酸、グリチルリチン酸2K。睡眠不足などによる「肌ブレ」を防ぎ、みずみずしい透明感を保つ無添加処方。,IMG_1075.jpg,https://www.amazon.co.jp/dp/B0CV7SGTMF/ref=nosim?tag=yyy0410mmm-22,https://hb.afl.rakuten.co.jp/hgc/g00un6fa.fhlem8ba.g00un6fa.fhlen94f/?pc=https%3A%2F%2Fitem.rakuten.co.jp%2Fsunfinishop%2F80001880%2F&m=http%3A%2F%2Fm.rakuten.co.jp%2Fsunfinishop%2Fi%2F10001606%2F&rafcid=wsc_i_is_ee1229f7-691f-4a67-9e6c-9d1f5819b2d1,false,,false,,,トラネキサム酸,https://thumbnail.image.rakuten.co.jp/@0_mall/sunfinishop/cabinet/biiino/item/main-image-3/20240424132044_1.jpg,true
56,化粧水,潤浸保湿 ディープモイスチャースプレー【医薬部外品】,キュレル,¥990 / 60g,"乾燥,敏感肌",アルコールフリー・無香料。有効成分アラントイン配合。微細化したセラミド機能成分がメイクの上からでも角層深くまで浸透し、ひと吹きで潤いが続くスプレー処方。,IMG_1076.jpg,https://www.amazon.co.jp/dp/B083LWQHM8?tag=onamzyyy0410m-22,https://hb.afl.rakuten.co.jp/ichiba/3dad1d0f.759e27e6.3dad1d10.6c584782/?pc=https%3A%2F%2Fitem.rakuten.co.jp%2Fladydrugplus%2F4901301382320%2F&link_type=hybrid_url&ut=eyJwYWdlIjoiaXRlbSIsInR5cGUiOiJoeWJyaWRfdXJsIiwic2l6ZSI6IjI0MHgyNDAiLCJuYW0iOjEsIm5hbXAiOiJyaWdodCIsImNvbSI6MSwiY29tcCI6ImRvd24iLCJwcmljZSI6MSwiYm9yIjoxLCJjb2wiOjEsImJidG4iOjEsInByb2QiOjAsImFtcCI6ZmFsc2V9,false,,false,,,アラントイン,,false
57,乳液,ナノエマルジョン プラス,トゥヴェール,"¥3,150 / 60mL","敏感肌,乾燥",アルコールフリー・無香料。セラミド機能成分10%・パンテノールなどの保湿成分も配合。独自のナノカプセル化技術でインナードライにアプローチし、肌を保護する。,IMG_1120.jpg,https://www.amazon.co.jp/dp/B093BN9LTG/ref=nosim?tag=yyy0410mmm-22,https://hb.afl.rakuten.co.jp/hgc/g00ub7na.fhlem68c.g00ub7na.fhlen564/?pc=https%3A%2F%2Fitem.rakuten.co.jp%2Ff272108-hirakata%2F1149023%2F&m=http%3A%2F%2Fm.rakuten.co.jp%2Ff272108-hirakata%2Fi%2F10000105%2F&rafcid=wsc_i_is_ee1229f7-691f-4a67-9e6c-9d1f5819b2d1,true,,true,"oily,combination",インナードライMUST。表面テカるのに内部カサカサな人に。水分と油分のバランスを一気に整える乳液。,,https://thumbnail.image.rakuten.co.jp/@0_mall/f272108-hirakata/cabinet/imgrc0094393545.jpg,true
58,乳液,白潤プレミアム 薬用浸透美白乳液【医薬部外品】,肌ラボ,¥990 / 140mL,"シミ,くすみ",アルコール・パラベンフリー・無香料。有効成分ホワイトトラネキサム酸、グリチルリチン酸2K。ビタミンC誘導体配合で、抗炎症と美白を同時に叶える。,IMG_1121.jpg,https://www.amazon.co.jp/dp/B08WS9L34F/ref=nosim?tag=yyy0410mmm-22,https://hb.afl.rakuten.co.jp/hgc/g00qvyfa.fhlembc3.g00qvyfa.fhlen102/?pc=https%3A%2F%2Fitem.rakuten.co.jp%2Fsundrug%2F4987241168507%2F&m=http%3A%2F%2Fm.rakuten.co.jp%2Fsundrug%2Fi%2F10072268%2F&rafcid=wsc_i_is_ee1229f7-691f-4a67-9e6c-9d1f5819b2d1,false,,false,,,トラネキサム酸,https://thumbnail.image.rakuten.co.jp/@0_mall/sundrug/cabinet/34/4987241168507.jpg,true
59,乳液,ブライトニング エマルジョン WT III（とてもしっとり）【医薬部外品】,エリクシール,"¥4,290 / 130mL","エイジングケア,美白",美白有効成分4MSK、肌荒れ防止成分グリチルリチン酸ジカリウム。光の反射をコントロールし、透明感とハリに満ちた「つや玉」輝く肌へ導く処方。,IMG_1122.jpg,https://www.amazon.co.jp/dp/B0BR7LFYZ3/ref=nosim?tag=yyy0410mmm-22,https://hb.afl.rakuten.co.jp/hgc/g00s0xea.fhlem311.g00s0xea.fhlen515/?pc=https%3A%2F%2Fitem.rakuten.co.jp%2Fscbmitsuokun1972%2F4909978142674%2F&m=http%3A%2F%2Fm.rakuten.co.jp%2Fscbmitsuokun1972%2Fi%2F10072787%2F&rafcid=wsc_i_is_ee1229f7-691f-4a67-9e6c-9d1f5819b2d1,false,,false,,,4MSK,https://thumbnail.image.rakuten.co.jp/@0_mall/scbmitsuokun1972/cabinet/cosmetics/shiseido/elixir_white/4909978142674.jpg,false
60,乳液,薬用雪肌精 ブライトニング エマルジョン【医薬部外品】,雪肌精,"¥4,180 / 140mL","美白,ニキビ",有効成分W-グリチルレチン酸ステアリル。和漢植物エキス配合。肌あれを防ぎながら、ふっくらとなめらかな透明感あふれる肌へ導く。,IMG_1123.jpg,https://www.amazon.co.jp/dp/B0D46XM25C/ref=nosim?tag=yyy0410mmm-22,https://hb.afl.rakuten.co.jp/hgc/g00r136a.fhlemc18.g00r136a.fhlenc1f/?pc=https%3A%2F%2Fitem.rakuten.co.jp%2Frakuten24%2F4971710571868%2F&m=http%3A%2F%2Fm.rakuten.co.jp%2Frakuten24%2Fi%2F11281217%2F&rafcid=wsc_i_is_ee1229f7-691f-4a67-9e6c-9d1f5819b2d1,false,,false,,,グリチルリチン酸,https://thumbnail.image.rakuten.co.jp/@0_mall/rakuten24/cabinet/868/4971710571868.jpg,true
61,乳液,アミノモイスト モイストチャージ ミルク,ミノン,"¥2,200 / 100g","敏感肌,乾燥",アルコール・パラベンフリー・無香料。9種の保潤アミノ酸、2種の清透アミノ酸配合。伸びがよく、すっと肌になじんでうるおいを閉じ込める低刺激設計。,IMG_1124.jpg,https://www.amazon.co.jp/dp/B00SAS17I8/ref=nosim?tag=yyy0410mmm-22,https://hb.afl.rakuten.co.jp/hgc/g00ty7va.fhlem2e2.g00ty7va.fhlen1af/?pc=https%3A%2F%2Fitem.rakuten.co.jp%2Fkusuriaoki-r%2F4987107670465%2F&m=http%3A%2F%2Fm.rakuten.co.jp%2Fkusuriaoki-r%2Fi%2F10051910%2F&rafcid=wsc_i_is_ee1229f7-691f-4a67-9e6c-9d1f5819b2d1,false,,false,,,,https://thumbnail.image.rakuten.co.jp/@0_mall/kusuriaoki-r/cabinet/pic2764/4987107670465_1.jpg,true
62,乳液,バイタライジングクリア エマルジョン MB【医薬部外品】,dプログラム,"¥4,620 / 100mL","エイジングケア,敏感肌",アルコールフリー・無香料。有効成分トラネキサム酸、グリチルリチン酸ジカリウム。美肌菌に着目し、ハリ低下やシミを防ぐエイジングケア処方。,IMG_1125.jpg,https://www.amazon.co.jp/dp/B0FQV1GH1T/ref=nosim?tag=yyy0410mmm-22,https://hb.afl.rakuten.co.jp/hgc/g00t3lia.fhlem497.g00t3lia.fhlen4ba/?pc=https%3A%2F%2Fitem.rakuten.co.jp%2Fyayoi-cosme%2F23181%2F&m=http%3A%2F%2Fm.rakuten.co.jp%2Fyayoi-cosme%2Fi%2F10014807%2F&rafcid=wsc_i_is_ee1229f7-691f-4a67-9e6c-9d1f5819b2d1,false,,false,,,トラネキサム酸,https://thumbnail.image.rakuten.co.jp/@0_mall/yayoi-cosme/cabinet/rakulogo/rakulogo19/09041184_02374.jpg,true
63,乳液,トリートメントミルク（ブライトニング）【医薬部外品】,アクアレーベル,"¥1,650 / 130mL","シミ,くすみ",有効成分4MSK配合。浸透美容アミノ酸が角層深くまで浸透し、シミ・そばかすを防ぎながら透明感のある肌へ導く美容液級の乳液。,IMG_1126.jpg,https://www.amazon.co.jp/dp/B0CSSVT9QR/ref=nosim?tag=yyy0410mmm-22,https://hb.afl.rakuten.co.jp/hgc/g00ufaua.fhlem24c.g00ufaua.fhlenb71/?pc=https%3A%2F%2Fitem.rakuten.co.jp%2Frakuten24-cosmetics%2F4909978180317%2F&m=http%3A%2F%2Fm.rakuten.co.jp%2Frakuten24-cosmetics%2Fi%2F10036014%2F&rafcid=wsc_i_is_ee1229f7-691f-4a67-9e6c-9d1f5819b2d1,false,,false,,,4MSK,https://thumbnail.image.rakuten.co.jp/@0_mall/rakuten24-cosmetics/cabinet/317/4909978180317.jpg,true
64,乳液,リフトモイスト エマルジョン SP III（とてもしっとり）【医薬部外品】,エリクシール,"¥3,850 / 130mL","たるみ,乾燥",有効成分トラネキサム酸。M-バウンサーCP、独自のコラーゲンGL配合。ハリとうるおいを蓄え、ふっくらとした「つや玉」が続く肌へ。,IMG_1127.jpg,https://www.amazon.co.jp/dp/B0B81SLXLM/ref=nosim?tag=yyy0410mmm-22,https://hb.afl.rakuten.co.jp/hgc/g00ru44a.fhlemc75.g00ru44a.fhlen6ab/?pc=https%3A%2F%2Fitem.rakuten.co.jp%2Fmatsumoto-cosmetic%2F4909978132217%2F&m=http%3A%2F%2Fm.rakuten.co.jp%2Fmatsumoto-cosmetic%2Fi%2F10015134%2F&rafcid=wsc_i_is_ee1229f7-691f-4a67-9e6c-9d1f5819b2d1,false,,false,,,トラネキサム酸,https://thumbnail.image.rakuten.co.jp/@0_mall/matsumoto-cosmetic/cabinet/shiseido/counseling/eis/49099781322172209_2.jpg,true
65,乳液,toiro トイロ バランシングミルク【医薬部外品】,ファンケル,"¥3,740 / 60g","ニキビ,皮脂・テカリ",防腐剤・アルコールフリー・無香料。有効成分トラネキサム酸、グリチルリチン酸2K。睡眠不足などの「肌ブレ」を防ぎ、なめらかな肌を保つ無添加処方。,IMG_1128.jpg,https://www.amazon.co.jp/dp/B0DFWLSK9M/ref=nosim?tag=yyy0410mmm-22,https://hb.afl.rakuten.co.jp/hgc/g00uh0pa.fhlem7a7.g00uh0pa.fhlen6a2/?pc=https%3A%2F%2Fitem.rakuten.co.jp%2Famitysun%2F80001882%2F&m=http%3A%2F%2Fm.rakuten.co.jp%2Famitysun%2Fi%2F10002980%2F&rafcid=wsc_i_is_ee1229f7-691f-4a67-9e6c-9d1f5819b2d1,false,,false,,,トラネキサム酸,https://thumbnail.image.rakuten.co.jp/@0_mall/amitysun/cabinet/biiino/item/main-image-3/20240424141509_1.jpg,true
66,乳液,モイスチュア エマルジョン【医薬部外品】,カルテHD,"¥1,980 / 120mL","敏感肌,乾燥",アルコールフリー・無香料。有効成分ヘパリン類似物質HD・グリチルリチン酸ジカリウム。肌のうるおい構造を立て直し、過酷な乾燥から守る高保湿乳液。,IMG_1129.jpg,https://www.amazon.co.jp/dp/B0D25QJ67V/ref=nosim?tag=yyy0410mmm-22,https://hb.afl.rakuten.co.jp/hgc/g00qvyfa.fhlembc3.g00qvyfa.fhlen102/?pc=https%3A%2F%2Fitem.rakuten.co.jp%2Fsundrug%2F4971710560053%2F&m=http%3A%2F%2Fm.rakuten.co.jp%2Fsundrug%2Fi%2F10108676%2F&rafcid=wsc_i_is_ee1229f7-691f-4a67-9e6c-9d1f5819b2d1,false,,true,sensitive,敏感肌MUST。ヘパリン類似物質配合で薄膜バリア強化。季節の変わり目に必ず戻ってくる1本。,ヘパリン類似物質,https://thumbnail.image.rakuten.co.jp/@0_mall/sundrug/cabinet/84/4971710560053.jpg,true
67,乳液,モイストケア エマルジョン MB【医薬部外品】,dプログラム,"¥4,070 / 100mL","敏感肌,乾燥",アルコールフリー・無香料。有効成分トラネキサム酸、グリチルリチン酸ジカリウム。美肌菌に着目し、乾燥や粉ふきを防いでしっとりとなめらかな美肌へ導く薬用乳液。,IMG_1130.jpg,https://www.amazon.co.jp/dp/B0FQTXJJ8R/ref=nosim?tag=yyy0410mmm-22,https://hb.afl.rakuten.co.jp/hgc/g00tokda.fhlemd31.g00tokda.fhlen187/?pc=https%3A%2F%2Fitem.rakuten.co.jp%2Fmatsuya-omatome%2F23180-1%2F&m=http%3A%2F%2Fm.rakuten.co.jp%2Fmatsuya-omatome%2Fi%2F10001375%2F&rafcid=wsc_i_is_ee1229f7-691f-4a67-9e6c-9d1f5819b2d1,false,,false,,,トラネキサム酸,,false
68,導入美容液,ベースケア セラム ＜土台美容液＞,ソフィーナ iP,"¥5,500 / 90g","乾燥,シミ・くすみ",毛穴の約1/20サイズの高濃度炭酸の泡が角層最深部まで浸透。次に使うスキンケアのなじみを良くし、うるおいとハリを与える。,IMG_1164.jpg,https://www.amazon.co.jp/dp/B0CGXBPV1H/ref=nosim?tag=yyy0410mmm-22,https://hb.afl.rakuten.co.jp/hgc/g00r136a.fhlemc18.g00r136a.fhlenc1f/?pc=https%3A%2F%2Fitem.rakuten.co.jp%2Frakuten24%2F4901301412829%2F&m=http%3A%2F%2Fm.rakuten.co.jp%2Frakuten24%2Fi%2F11228057%2F&rafcid=wsc_i_is_ee1229f7-691f-4a67-9e6c-9d1f5819b2d1,false,,false,,,,https://thumbnail.image.rakuten.co.jp/@0_mall/rakuten24/cabinet/829/4901301412829.jpg,true
69,導入美容液,薬用 角層ケア美容液（HAKU リファイナー）【医薬部外品】,HAKU,"¥4,950 / 120mL","くすみ,シミ",無香料。有効成分グリチルリチン酸ジカリウム。メラニンを含む古い角層をやさしくほぐし、次に使う美白美容液の浸透を助けるふき取りプレ美容液。,IMG_1165.jpg,https://www.amazon.co.jp/dp/B0CC5V4TXR/ref=nosim?tag=yyy0410mmm-22,https://hb.afl.rakuten.co.jp/hgc/g00q0l5a.fhlem997.g00q0l5a.fhlena0c/?pc=https%3A%2F%2Fitem.rakuten.co.jp%2Fcosmeticroyal%2F4909978157678%2F&m=http%3A%2F%2Fm.rakuten.co.jp%2Fcosmeticroyal%2Fi%2F10025856%2F&rafcid=wsc_i_is_ee1229f7-691f-4a67-9e6c-9d1f5819b2d1,false,,false,,,グリチルリチン酸2K,https://thumbnail.image.rakuten.co.jp/@0_mall/cosmeticroyal/cabinet/shiseido/4909978157678logo.jpg,true
70,導入美容液,水光ピーリング 泡セラム,ソフィーナ iP,"¥3,300 / 90g","毛穴,角質・ザラつき",炭酸ピーリング処方。微細な炭酸泡が肌の古い角質やごわつきをやさしくオフし、つるんとしたなめらかな水光肌へ導く泡セラム。,IMG_1166.jpg,,https://hb.afl.rakuten.co.jp/hgc/g00r136a.fhlemc18.g00r136a.fhlenc1f/?pc=https%3A%2F%2Fitem.rakuten.co.jp%2Frakuten24%2F4901301449634%2F&m=http%3A%2F%2Fm.rakuten.co.jp%2Frakuten24%2Fi%2F11334855%2F&rafcid=wsc_i_is_ee1229f7-691f-4a67-9e6c-9d1f5819b2d1,false,,false,,,,https://thumbnail.image.rakuten.co.jp/@0_mall/rakuten24/cabinet/634/4901301449634.jpg,true
71,導入美容液,薬用 シワ改善 泡セラム【医薬部外品】,ソフィーナ iP,"¥6,380 / 90g","エイジングケア,シワ",有効成分ナイアシンアミド配合。毛穴より小さい高濃度の炭酸泡がシワの凹凸に密着し、真皮まで浸透してシワを改善する処方。,IMG_1167.jpg,https://www.amazon.co.jp/dp/B0CVRYM4QW/ref=nosim?tag=yyy0410mmm-22,https://hb.afl.rakuten.co.jp/hgc/g00r136a.fhlemc18.g00r136a.fhlenc1f/?pc=https%3A%2F%2Fitem.rakuten.co.jp%2Frakuten24%2F4901301416483%2F&m=http%3A%2F%2Fm.rakuten.co.jp%2Frakuten24%2Fi%2F11268536%2F&rafcid=wsc_i_is_ee1229f7-691f-4a67-9e6c-9d1f5819b2d1,false,,true,common,全肌タイプ共通MUST。シワ改善有効成分ナイアシンアミド配合の泡セラム。朝晩ブースターとして最強。,ナイアシンアミド,https://thumbnail.image.rakuten.co.jp/@0_mall/rakuten24/cabinet/483/4901301416483.jpg,true
72,導入美容液,ディープブーストセラム,ブルーミオ,"¥3,850 / 25g","乾燥,エイジングケア",独自の青の機能性成分「ブルーセラミド®」配合。洗顔後すぐの肌にスッとなじみ、うるおいを土台から引き込んでハリを呼び覚ます先行美容液。,IMG_1168.jpg,https://www.amazon.co.jp/dp/B0FDFW97BZ/ref=nosim?tag=yyy0410mmm-22,https://hb.afl.rakuten.co.jp/hgc/g00r136a.fhlemc18.g00r136a.fhlenc1f/?pc=https%3A%2F%2Fitem.rakuten.co.jp%2Frakuten24%2F4987241198702%2F&m=http%3A%2F%2Fm.rakuten.co.jp%2Frakuten24%2Fi%2F11349701%2F&rafcid=wsc_i_is_ee1229f7-691f-4a67-9e6c-9d1f5819b2d1,false,,false,,,セラミド,https://thumbnail.image.rakuten.co.jp/@0_mall/rakuten24/cabinet/702/4987241198702.jpg,true
73,導入美容液,セラム ヴェール ディープリペア【医薬部外品】,ONE BY KOSÉ,"¥5,500 / 60mL","乾燥,ニキビ",有効成分ライスパワー®No.11配合。肌の水分保持能を改善し、乾燥の隙間を埋めるようにうるおいネットワークを立て直す薬用導入美容液。,IMG_1169.jpg,https://www.amazon.co.jp/dp/B0D62W6S4H/ref=nosim?tag=yyy0410mmm-22,https://hb.afl.rakuten.co.jp/hgc/g00qawwa.fhlem690.g00qawwa.fhlen929/?pc=https%3A%2F%2Fitem.rakuten.co.jp%2Fcosmecomonline%2F1000189785%2F&m=http%3A%2F%2Fm.rakuten.co.jp%2Fcosmecomonline%2Fi%2F10162049%2F&rafcid=wsc_i_is_ee1229f7-691f-4a67-9e6c-9d1f5819b2d1,false,,false,,,ライスパワーNo.11,https://maison.kose.co.jp/img/goods/L/MUXA_main.png,true
74,導入美容液,グロウセラム,ineuly（アイニューリ）,"¥4,840 / 50mL","たるみ,乾燥",アルコールフリー・無香料。ライスパワー®No.11とNo.23をW配合。肌のバリア機能を高めながら、透明感とハリに満ちたツヤ肌へ導く先行美容液。,IMG_1170.jpg,https://www.amazon.co.jp/s?k=ineuly%EF%BC%88%E3%82%A2%E3%82%A4%E3%83%8B%E3%83%A5%E3%83%BC%E3%83%AA%EF%BC%89%20%E3%82%B0%E3%83%AD%E3%82%A6%E3%82%BB%E3%83%A9%E3%83%A0&i=beauty&tag=onamzyyy0410m-22,https://item.rakuten.co.jp/iwama-y/ineuly1123/,false,,false,,,ライスパワーNo.11,,false
75,美容液,ONE BY KOSÉ メラノショット P【医薬部外品】,ONE BY KOSÉ,"¥5,830 / 40mL","シミ,くすみ",美白有効成分コウジ酸配合。シミ発生源に直効きし、増え続ける未来のシミまで防ぐ薬用美白美容液。,IMG_1171.jpg,https://www.amazon.co.jp/dp/B0BKPXYYQ4?tag=onamzyyy0410m-22,https://item.rakuten.co.jp/happylifestyleshop/mix3j-326-109/,false,,false,,,コウジ酸,,false
76,美容液,オバジC25セラム ネオ,オバジ,"¥11,000 / 12mL","毛穴,たるみ",アスコルビン酸（ピュアビタミンC）を極限まで高濃度配合。毛穴からハリ、くすみまで全方位をケアする最高峰美容液。,IMG_1172.jpg,https://www.amazon.co.jp/dp/B0GCCN779M/ref=nosim?tag=yyy0410mmm-22,https://hb.afl.rakuten.co.jp/hgc/g00ufaua.fhlem24c.g00ufaua.fhlenb71/?pc=https%3A%2F%2Fitem.rakuten.co.jp%2Frakuten24-cosmetics%2F4987241199891%2F&m=http%3A%2F%2Fm.rakuten.co.jp%2Frakuten24-cosmetics%2Fi%2F10054568%2F&rafcid=wsc_i_is_ee1229f7-691f-4a67-9e6c-9d1f5819b2d1,false,,false,,,ピュアビタミンC,https://thumbnail.image.rakuten.co.jp/@0_mall/rakuten24-cosmetics/cabinet/891/4987241199891.jpg,true
77,美容液,オバジC10セラム,オバジ,"¥4,400 / 12mL","毛穴,角質・ザラつき",アスコルビン酸（ピュアビタミンC）とビタミンEを配合。角層に潤いを与え、毛穴の目立ちにくいなめらかな肌へ。,IMG_1173.jpg,,https://hb.afl.rakuten.co.jp/hgc/g00r136a.fhlemc18.g00r136a.fhlenc1f/?pc=https%3A%2F%2Fitem.rakuten.co.jp%2Frakuten24%2F4987241199938%2F&m=http%3A%2F%2Fm.rakuten.co.jp%2Frakuten24%2Fi%2F11410028%2F&rafcid=wsc_i_is_ee1229f7-691f-4a67-9e6c-9d1f5819b2d1,false,,true,common,全肌タイプ共通MUST。ビタミンC導入のパイオニア。毛穴・くすみ・ザラつきを一気に底上げしてくれる、ゆんの定番。,,https://thumbnail.image.rakuten.co.jp/@0_mall/rakuten24/cabinet/938/4987241199938.jpg,true
78,導入美容液,発酵導入美容液,無印良品,"¥1,990 / 50mL","乾燥,角質・ザラつき",水を使わず、成分の65％以上が米ぬか発酵液などのうるおい成分でできた導入美容液。化粧水の前に使用し、もっちりとした肌へ。,IMG_1174.jpg,https://www.amazon.co.jp/dp/B0CMW8PBTW/ref=nosim?tag=yyy0410mmm-22,https://hb.afl.rakuten.co.jp/hgc/g00tpdha.fhlem28a.g00tpdha.fhlen957/?pc=https%3A%2F%2Fitem.rakuten.co.jp%2Fmujirushi-ryohin%2F4550583451295%2F&m=http%3A%2F%2Fm.rakuten.co.jp%2Fmujirushi-ryohin%2Fi%2F10007319%2F&rafcid=wsc_i_is_ee1229f7-691f-4a67-9e6c-9d1f5819b2d1,false,,false,,,,https://thumbnail.image.rakuten.co.jp/@0_mall/mujirushi-ryohin/cabinet/item36/4550583451295.jpg,true
79,美容液,ブライトニング美容液【医薬部外品】,ソフィーナ iP,"¥6,380 / 40g","シミ,くすみ",有効成分カモミラET配合。紫外線ダメージによるメラニンの生成を抑え、シミ・ソバカスを防ぐ美白美容液。,IMG_1175.jpg,https://www.amazon.co.jp/dp/B09NRMNFXW/ref=nosim?tag=yyy0410mmm-22,https://hb.afl.rakuten.co.jp/hgc/g00q0l5a.fhlem997.g00q0l5a.fhlena0c/?pc=https%3A%2F%2Fitem.rakuten.co.jp%2Fcosmeticroyal%2F4901301403032%2F&m=http%3A%2F%2Fm.rakuten.co.jp%2Fcosmeticroyal%2Fi%2F10024783%2F&rafcid=wsc_i_is_ee1229f7-691f-4a67-9e6c-9d1f5819b2d1,false,,false,,,カモミラET,https://thumbnail.image.rakuten.co.jp/@0_mall/cosmeticroyal/cabinet/sofinabeaute/4901301403032logo.jpg,true
80,美容液,リンクルブライトセラム【医薬部外品】,オルビス,"¥4,950 / 30g","シワ,美白",有効成分Wナイアシン（ナイアシンアミド）配合。シワ改善と美白を同時に叶える、続けやすい全顔用エイジングケア美容液。,,https://www.amazon.co.jp/dp/B0BJP378CY/ref=nosim?tag=yyy0410mmm-22,https://hb.afl.rakuten.co.jp/hgc/g00txe1a.fhlem3ea.g00txe1a.fhlend85/?pc=https%3A%2F%2Fitem.rakuten.co.jp%2Forbis-shop%2Fo0093%2F&m=http%3A%2F%2Fm.rakuten.co.jp%2Forbis-shop%2Fi%2F10000787%2F&rafcid=wsc_i_is_ee1229f7-691f-4a67-9e6c-9d1f5819b2d1,false,,false,,,ナイアシンアミド,https://thumbnail.image.rakuten.co.jp/@0_mall/orbis-shop/cabinet/orbis_prd/93/_o0093.jpg,false
81,美容液,美白美容液 TA【医薬部外品】,ちふれ,"¥1,210 / 30mL","美白,ニキビ",ノンアルコール・無香料。有効成分トラネキサム酸、ヒアルロン酸配合。シミ・ソバカスと肌荒れを同時に防ぐやさしい使い心地。,IMG_1177.jpg,https://www.amazon.co.jp/dp/B0F9FLZ3Z3/ref=nosim?tag=yyy0410mmm-22,https://hb.afl.rakuten.co.jp/hgc/g00r136a.fhlemc18.g00r136a.fhlenc1f/?pc=https%3A%2F%2Fitem.rakuten.co.jp%2Frakuten24%2F4974972810218%2F&m=http%3A%2F%2Fm.rakuten.co.jp%2Frakuten24%2Fi%2F11341790%2F&rafcid=wsc_i_is_ee1229f7-691f-4a67-9e6c-9d1f5819b2d1,false,,false,,,トラネキサム酸,https://thumbnail.image.rakuten.co.jp/@0_mall/rakuten24/cabinet/218/4974972810218.jpg,true
82,美容液,ザ セラム aa【医薬部外品】,エリクシール,"¥8,910 / 50mL","たるみ,エイジングケア",有効成分トラネキサム酸等配合。独自開発のコアミクロターゲット技術で成分を深く届け、大人の肌にハリと満ちるうるおいを。,IMG_1178.jpg,https://www.amazon.co.jp/dp/B0D9Y1PFT8?tag=onamzyyy0410m-22,https://item.rakuten.co.jp/akakabeshop/4909978204921/,false,,false,,,トラネキサム酸,,false
83,美容液,ハリ弾力注入美容液,ソフィーナ iP,"¥4,730 / 40g","たるみ,毛穴",ローズマリーエキス、ワレモコウエキス等のハリ付与成分配合。毛穴が目立ちやすい頬やフェイスラインに押し返すようなハリを与える。,IMG_1179.jpg,,https://hb.afl.rakuten.co.jp/hgc/g00r136a.fhlemc18.g00r136a.fhlenc1f/?pc=https%3A%2F%2Fitem.rakuten.co.jp%2Frakuten24%2F4901301422750%2F&m=http%3A%2F%2Fm.rakuten.co.jp%2Frakuten24%2Fi%2F11222002%2F&rafcid=wsc_i_is_ee1229f7-691f-4a67-9e6c-9d1f5819b2d1,false,,false,,,,https://thumbnail.image.rakuten.co.jp/@0_mall/rakuten24/cabinet/750/4901301422750.jpg,true
84,美容液,ガラク ナイアシン 3.0 エッセンス,魔女工場 (ma:nyo),"¥3,180 / 50mL","シミ・くすみ,毛穴",ガラクトミセス培養液とナイアシンアミドを高濃度配合。肌のキメを整え、クリアで澄んだ透明肌へ導くトーンアップ美容液。,IMG_1180.jpg,,https://hb.afl.rakuten.co.jp/hgc/g00us3ba.fhlemff6.g00us3ba.fhlend5a/?pc=https%3A%2F%2Fitem.rakuten.co.jp%2Fgemini0526%2Flx-2995%2F&m=http%3A%2F%2Fm.rakuten.co.jp%2Fgemini0526%2Fi%2F10000830%2F&rafcid=wsc_i_is_ee1229f7-691f-4a67-9e6c-9d1f5819b2d1,false,,false,,,ナイアシンアミド,https://thumbnail.image.rakuten.co.jp/@0_mall/gemini0526/cabinet/12586834/12733299/imgrc0097167251.jpg,true
85,美容液,薬用 角層トーニングセラム【医薬部外品】,ソフィーナ iP,"¥6,600 / 30mL","くすみ,シミ",有効成分ナイアシンアミド、グリチルリチン酸2K。独自の角層透化技術でうるおいで満たし、くすみや黄ばみをケアする透明感美容液。,IMG_1181.jpg,,https://hb.afl.rakuten.co.jp/hgc/g00r136a.fhlemc18.g00r136a.fhlenc1f/?pc=https%3A%2F%2Fitem.rakuten.co.jp%2Frakuten24%2F4901301460264%2F&m=http%3A%2F%2Fm.rakuten.co.jp%2Frakuten24%2Fi%2F11360658%2F&rafcid=wsc_i_is_ee1229f7-691f-4a67-9e6c-9d1f5819b2d1,false,,false,,,ナイアシンアミド,https://thumbnail.image.rakuten.co.jp/@0_mall/rakuten24/cabinet/264/4901301460264.jpg,true
86,美容液,イノベイティブ ブライト セラム XX【医薬部外品】,インフィニティ,"¥11,880 / 40mL","美白,エイジングケア",有効成分コウジ酸、アラントイン。シミの根源に直接アプローチし、美白とエイジングケアを同時に叶えるトータルブライトニング処方。,IMG_1182.jpg,,https://hb.afl.rakuten.co.jp/hgc/g00tzvsa.fhlemc4f.g00tzvsa.fhlenc4d/?pc=https%3A%2F%2Fitem.rakuten.co.jp%2Fbestjapangoods%2F1713962027%2F&m=http%3A%2F%2Fm.rakuten.co.jp%2Fbestjapangoods%2Fi%2F10001056%2F&rafcid=wsc_i_is_ee1229f7-691f-4a67-9e6c-9d1f5819b2d1,false,,false,,,"コウジ酸,アラントイン",https://thumbnail.image.rakuten.co.jp/@0_mall/bestjapangoods/cabinet/compass1713961972.jpg,true
87,美容液,ペプチド ボリューム マスター エッセンス,ドクターペプチ,"¥2,750 / 50mL","たるみ,乾燥",11種のペプチド配合。肌にのせると酸素バブルが微細泡となり、成分の浸透をサポート。弾むようなハリとツヤを与える。,IMG_1183.jpg,https://www.amazon.co.jp/dp/B09639XW6D?tag=onamzyyy0410m-22,https://item.rakuten.co.jp/beautitopping/dp001-1532/,false,,false,,,ペプチド,,false
88,美容液,トリプルアクティブエッセンス【医薬部外品】,ダーマエイド,"¥2,420 / 30mL","シワ,美白",有効成分ナイアシンアミド、トラネキサム酸、D-パントテニルアルコール。シワ改善・美白・肌荒れ防止の3つにまとめてアプローチする美容液。,IMG_1184.jpg,https://www.amazon.co.jp/dp/B0DDNHD1WV/ref=nosim?tag=yyy0410mmm-22,https://hb.afl.rakuten.co.jp/hgc/g00u87xa.fhlemdd9.g00u87xa.fhlende5/?pc=https%3A%2F%2Fitem.rakuten.co.jp%2Fdaikishop%2Fpdc4014%2F&m=http%3A%2F%2Fm.rakuten.co.jp%2Fdaikishop%2Fi%2F10010839%2F&rafcid=wsc_i_is_ee1229f7-691f-4a67-9e6c-9d1f5819b2d1,false,,false,,,"ナイアシンアミド,トラネキサム酸",,false
89,美容液,エファクラ ピールケア セラム,ラ ロッシュ ポゼ,"¥5,280 / 30mL","毛穴,角質・ザラつき",独自成分トリアシッドコンプレックス（角質柔軟成分）、ナイアシンアミド配合。敏感肌にも毎日使える角質ケアで毛穴レスな印象へ。,IMG_1185.jpg,https://www.amazon.co.jp/dp/B09SX9DN4T?tag=onamzyyy0410m-22,https://item.rakuten.co.jp/larocheposay/l00348/,false,,true,pores,ゴワつきMUST。AHA/BHA/LHA配合でザラつき・角栓・毛穴詰まりにアプローチ。こすらず整う優等生。,ナイアシンアミド,,false
90,美容液,ルミエール ヴァイタルC,ファミュ,"¥8,800 / 30mL","シミ・くすみ,毛穴",安定化したビタミンC誘導体、ナイアシンアミド、3つのツヤ成分配合。キメを整えて透明感をもたらすブランド人気No.1の導入美容液。,IMG_1186.jpg,https://www.amazon.co.jp/dp/B07DH4L2L7?tag=onamzyyy0410m-22,https://item.rakuten.co.jp/femmue-store/fm10102/,false,,false,,,ビタミンC誘導体,,false
91,美容液,ライース リペア コンセントレーション W+【医薬部外品】,ライースリペア,"¥15,400 / 30mL","シワ,シミ・くすみ",有効成分ライスパワーNo.11+、グリチルリチン酸2K。シワと乾燥を同時に改善し、透明感を高める全顔用シワ改善高機能美容液。,IMG_1187.jpg,https://www.amazon.co.jp/dp/B0BYYP365Z?tag=onamzyyy0410m-22,https://item.rakuten.co.jp/ricepowershop/0120035/,false,,false,,,ライスパワーNo.11,,false
92,美容液,ライース リペア コンセントレーション D+【医薬部外品】,ライースリペア,"¥15,400 / 30mL","シワ,乾燥",有効成分ライスパワーNo.11+。さらに保湿成分ライスパワーNo.7を高濃度でW配合し、深いシワと乾燥に徹底アプローチする美容液。,IMG_1188.jpg,https://www.amazon.co.jp/dp/B079HVTBNP?tag=onamzyyy0410m-22,https://item.rakuten.co.jp/ricepowershop/0120040/,false,,false,,,ライスパワーNo.11,,false
93,美容液,潤浸保湿 角層深部バリア美容液【医薬部外品】,キュレル,"¥4,950 / 30mL","敏感肌,ニキビ",有効成分GABOB配合。セラミド機能カプセルPlusが角層深部までバリアを整え、環境変化による肌荒れを防ぐウォーターベース設計。,IMG_1189.jpg,,https://hb.afl.rakuten.co.jp/hgc/g00r136a.fhlemc18.g00r136a.fhlenc1f/?pc=https%3A%2F%2Fitem.rakuten.co.jp%2Frakuten24%2F4901301463937%2F&m=http%3A%2F%2Fm.rakuten.co.jp%2Frakuten24%2Fi%2F11387417%2F&rafcid=wsc_i_is_ee1229f7-691f-4a67-9e6c-9d1f5819b2d1,false,,false,,,セラミド,https://thumbnail.image.rakuten.co.jp/@0_mall/rakuten24/cabinet/937/4901301463937.jpg,true
94,クレンジング,肌磨き ジェルクレンズ,ニベア,¥748 / 100g,"毛穴,ざらつき",角質浄化×メイク落とし / セラミドNG・スクワラン・ヒアルロン酸Na・グリシン配合。うるおいケアしながら古い角質を浮かせ、ツルすべ透明感肌に。プチプラで毎日使える角質ケア兼用クレンジング,IMG_1568.jpg,https://www.amazon.co.jp/dp/B0DY442RR5?tag=onamzyyy0410m-22,https://search.rakuten.co.jp/search/mall/%E3%83%8B%E3%83%99%E3%82%A2%20%E8%82%8C%E7%A3%A8%E3%81%8D%20%E3%82%B8%E3%82%A7%E3%83%AB%E3%82%AF%E3%83%AC%E3%83%B3%E3%82%BA/,false,,false,,,セラミド,,false
95,クレンジング,アクティブクレンズ クレンジングオイル,W/M AAA,"¥2,200 / 150mL","毛穴,乾燥",Lipidure®・サッカライドイソメラート・コーン(トウモロコシ)胚芽油配合。メイクや毛穴汚れをしっかりオフしつつ、うるおいを守るオイル処方。濡れた手OKでダブル洗顔不要,IMG_1569.jpg,https://www.amazon.co.jp/s?k=W/M%20AAA%20%E3%82%A2%E3%82%AF%E3%83%86%E3%82%A3%E3%83%96%E3%82%AF%E3%83%AC%E3%83%B3%E3%82%BA%20%E3%82%AF%E3%83%AC%E3%83%B3%E3%82%B8%E3%83%B3%E3%82%B0%E3%82%AA%E3%82%A4%E3%83%AB&i=beauty&tag=onamzyyy0410m-22,https://search.rakuten.co.jp/search/mall/W/M%20AAA%20%E3%82%A2%E3%82%AF%E3%83%86%E3%82%A3%E3%83%96%E3%82%AF%E3%83%AC%E3%83%B3%E3%82%BA%20%E3%82%AF%E3%83%AC%E3%83%B3%E3%82%B8%E3%83%B3%E3%82%B0%E3%82%AA%E3%82%A4%E3%83%AB/,false,,false,,,,,false
96,クレンジング,うるおい メイク落とし オイルジェル【医薬部外品】,カルテHD,"¥1,980 / 150g","敏感肌,ニキビ",ヘパリン類似物質HD(有効成分)配合・低刺激処方の医薬部外品クレンジング。オイルジェルがメイクにしっかり密着、すすぎ後もうるおいを残すしっとり洗い上がり,IMG_1570.jpg,,https://hb.afl.rakuten.co.jp/hgc/g00pyi8a.fhlembd4.g00pyi8a.fhlen485/?pc=https%3A%2F%2Fitem.rakuten.co.jp%2Fhb-navi%2F002-0524062%2F&m=http%3A%2F%2Fm.rakuten.co.jp%2Fhb-navi%2Fi%2F10327091%2F&rafcid=wsc_i_is_ee1229f7-691f-4a67-9e6c-9d1f5819b2d1,false,,false,,,グリチルリチン酸2K,,false
97,クレンジング,ザ クレンジングオイル,オルビス,"¥1,870 / 150mL","乾燥,バリア機能",濡れた手OK・ダブル洗顔不要の高洗浄オイル。美容オイル成分が毛穴汚れまで浮かせて落とし、洗い上がりはつっぱらずなめらか。ベストコスメ常連の定番クレンジング,IMG_1571.jpg,https://www.amazon.co.jp/dp/B0F785ZK2M?tag=onamzyyy0410m-22,https://search.rakuten.co.jp/search/mall/%E3%82%AA%E3%83%AB%E3%83%93%E3%82%B9%20%E3%82%B6%20%E3%82%AF%E3%83%AC%E3%83%B3%E3%82%B8%E3%83%B3%E3%82%B0%E3%82%AA%E3%82%A4%E3%83%AB/,true,,false,,,,,false
98,クレンジング,メイク落としオイル,カウブランド無添加,¥968 / 150mL,"敏感肌,乾燥",着色料・香料・防腐剤・品質安定剤・鉱物油・アルコール無添加。素肌由来保湿成分配合で敏感肌でも使いやすいマイルドなオイルクレンジング。コスパ◎の毎日使い向け,IMG_1572.jpg,https://www.amazon.co.jp/dp/B000GIW74S?tag=onamzyyy0410m-22,https://search.rakuten.co.jp/search/mall/%E3%82%AB%E3%82%A6%E3%83%96%E3%83%A9%E3%83%B3%E3%83%89%20%E7%84%A1%E6%B7%BB%E5%8A%A0%20%E3%83%A1%E3%82%A4%E3%82%AF%E8%90%BD%E3%81%A8%E3%81%97%E3%82%AA%E3%82%A4%E3%83%AB/,false,,false,,,セラミド,,false
99,クレンジング,セーフミー. リリーフモイスチャー クレンジングミルク,make p:rem,"¥2,970 / 200mL","敏感肌,乾燥",pH5.5弱酸性・大豆プロテイン・セラミドNP配合の低刺激ミルククレンジング。ゆらぎ肌や敏感肌にもやさしく、メイクオフしながらバリア機能をケアしてしっとり洗い上げる,IMG_1573.jpg,https://www.amazon.co.jp/dp/B08BZ254B7/ref=nosim?tag=yyy0410mmm-22,,false,,false,,,セラミド,,false
164,クリーム,アトバリア365 クリーム,エストラ,"¥3,300 / 80mL","乾燥,敏感肌",1本にセラミドカプセル約100万個配合。肌温度で溶けて角層に長時間とどまり120時間保湿を実現。敏感肌OKの無香料・無着色処方。,IMG_1429.jpg,https://www.amazon.co.jp/dp/B09YDCCJBJ/ref=nosim?tag=yyy0410mmm-22,https://hb.afl.rakuten.co.jp/hgc/g00tkm5a.fhlem122.g00tkm5a.fhlenc82/?pc=https%3A%2F%2Fitem.rakuten.co.jp%2Fflytoyou%2F1121057809%2F&m=http%3A%2F%2Fm.rakuten.co.jp%2Fflytoyou%2Fi%2F10001453%2F&rafcid=wsc_i_is_ee1229f7-691f-4a67-9e6c-9d1f5819b2d1,false,,true,common,全肌タイプ共通MUST。バリア強化の決定版。120時間保湿で季節問わず肌の土台を守ってくれる。,セラミド,https://thumbnail.image.rakuten.co.jp/@0_mall/flytoyou/cabinet/aestura/1121057809-8001fly.jpg,true
165,美容液,メラノショット P,ONE BY KOSÉ,"¥6,270 / 40mL","シミ予防,美白,コウジ酸",2026年2月発売の新世代美白美容液。コウジ酸＋チンピエキスのW処方でシミ根本にアプローチ。ダブル微細乳化で浸透感も◎。【医薬部外品】,,,https://search.rakuten.co.jp/search/mall/ONE%20BY%20KOSE%20%E3%83%A1%E3%83%A9%E3%83%8E%E3%82%B7%E3%83%A7%E3%83%83%E3%83%88%20P,false,,true,common,全肌タイプ共通MUST。シミ悩みの最終兵器。2026年リニューアルで浸透感が段違い。朝夜のケアに組み込みたい。,,,false
166,日焼け止め,エリクシール ブライトニング デーケアレボリューション WT+,エリクシール,"¥3,520 / 35mL","美白,UV,朝用乳液",SPF50+・PA++++。m-トラネキサム酸配合の薬用美白機能＋UVカット＋化粧下地が1本で完結。ブライトニング&エイジングケア同時叶える朝の救世主。【医薬部外品】,IMG_0881.jpg,,https://hb.afl.rakuten.co.jp/hgc/g00tcy9a.fhlem4f0.g00tcy9a.fhlen9cc/?pc=https%3A%2F%2Fitem.rakuten.co.jp%2Fcreidea-coms%2F10002482%2F&m=http%3A%2F%2Fm.rakuten.co.jp%2Fcreidea-coms%2Fi%2F10002510%2F&rafcid=wsc_i_is_ee1229f7-691f-4a67-9e6c-9d1f5819b2d1,false,,true,common,全肌タイプ共通MUST。朝はこれ1本で美白・UV・下地が完結。時短派もエイジングケア派にも◎。,,,false
167,クリーム,潤浸保湿 フェイスクリーム,キュレル,"¥2,484 / 40g","乾燥,敏感肌",セラミド機能成分＋ユーカリエキスが角層深部まで浸透し、外部刺激に負けない肌へ。弱酸性・無香料・無着色・アルコールフリーで敏感肌もOK。【医薬部外品】,IMG_1397.jpg,https://www.amazon.co.jp/dp/B001JF0MRG/ref=nosim?tag=yyy0410mmm-22,https://hb.afl.rakuten.co.jp/hgc/g00qob6a.fhlemd8c.g00qob6a.fhlen214/?pc=https%3A%2F%2Fitem.rakuten.co.jp%2Fladydrug%2F4901301236210%2F&m=http%3A%2F%2Fm.rakuten.co.jp%2Fladydrug%2Fi%2F10004740%2F&rafcid=wsc_i_is_ee1229f7-691f-4a67-9e6c-9d1f5819b2d1,false,,true,dry,乾燥肌MUST。重すぎないのにしっかり保湿。寝る前にコレで一気に水分補給するのがゆん流。,アラントイン,https://thumbnail.image.rakuten.co.jp/@0_mall/ladydrug/cabinet/pic117/4901301236210_1.jpg,false
168,アイクリーム,レチノパワー リンクルクリーム L,エリクシール,"¥8,800 / 22g","シワ改善,レチノール,エイジングケア",純粋レチノール配合のシワ改善有効成分で目元・口元の小ジワを集中ケア。ヒアルロン酸生成をサポートして肌内部からふっくら。【医薬部外品】,,https://www.amazon.co.jp/dp/B0FJXTTPPZ?tag=onamzyyy0410m-22,https://search.rakuten.co.jp/search/mall/%E3%82%A8%E3%83%AA%E3%82%AF%E3%82%B7%E3%83%BC%E3%83%AB%20%E3%83%AC%E3%83%81%E3%83%8E%E3%83%91%E3%83%AF%E3%83%BC%20%E3%83%AA%E3%83%B3%E3%82%AF%E3%83%AB%E3%82%AF%E3%83%AA%E3%83%BC%E3%83%A0,false,,true,aging,エイジングMUST。純粋レチノールで攻めのシワ改善。29年素肌派のゆんが自信を持って推す決定打。,,,false
169,洗顔料,おうちdeエステ ディープクレイ洗顔,ビオレ,¥715 / 130g〜,"毛穴,黒ずみ",トロメタミン（洗浄剤）とミクロパウダー配合。隠れ角栓まで自己崩壊させる新開発のブースト洗浄技術で、黒ずみ汚れをすっきり落とす。,IMG_1494.jpg,,https://hb.afl.rakuten.co.jp/hgc/g00qawwa.fhlem690.g00qawwa.fhlen929/?pc=https%3A%2F%2Fitem.rakuten.co.jp%2Fcosmecomonline%2F1000225456%2F&m=http%3A%2F%2Fm.rakuten.co.jp%2Fcosmecomonline%2Fi%2F10176316%2F&rafcid=wsc_i_is_ee1229f7-691f-4a67-9e6c-9d1f5819b2d1,false,,false,,,,https://thumbnail.image.rakuten.co.jp/@0_mall/cosmecomonline/cabinet/item-img236/item_1000225456_1.jpg,true
170,乾燥肌,おうちdeエステ 洗顔ジェル やわらか,ビオレ,¥715 / 150g〜,"乾燥,角質・ザラつき",保湿成分をたっぷり配合。乾燥によるごわつきをほぐしながら、独自の「角栓クリア処方」で角栓を分解して落とし、やわらかな肌へ。,IMG_1495.jpg,https://www.amazon.co.jp/s?k=%E3%83%93%E3%82%AA%E3%83%AC%20%E3%81%8A%E3%81%86%E3%81%A1de%E3%82%A8%E3%82%B9%E3%83%86%20%E6%B4%97%E9%A1%94%E3%82%B8%E3%82%A7%E3%83%AB%20%E3%82%84%E3%82%8F%E3%82%89%E3%81%8B&tag=onamzyyy0410m-22,https://search.rakuten.co.jp/search/mall/%E3%83%93%E3%82%AA%E3%83%AC%20%E3%81%8A%E3%81%86%E3%81%A1de%E3%82%A8%E3%82%B9%E3%83%86%20%E6%B4%97%E9%A1%94%E3%82%B8%E3%82%A7%E3%83%AB%20%E3%82%84%E3%82%8F%E3%82%89%E3%81%8B/,false,,false,,,,,false
171,洗顔料,おうちdeエステ 洗顔ジェル なめらか,ビオレ,¥715 / 150g〜,"毛穴,角質・ザラつき",独自の「角栓クリア処方（角栓崩壊技術）」を採用。ザラつく毛穴の目立ちや黒ずみ汚れの原因となる角栓を分解して落とし、なめらかな肌へ。,IMG_1496.jpg,https://www.amazon.co.jp/s?k=%E3%83%93%E3%82%AA%E3%83%AC%20%E3%81%8A%E3%81%86%E3%81%A1de%E3%82%A8%E3%82%B9%E3%83%86%20%E6%B4%97%E9%A1%94%E3%82%B8%E3%82%A7%E3%83%AB%20%E3%81%AA%E3%82%81%E3%82%89%E3%81%8B&tag=onamzyyy0410m-22,https://search.rakuten.co.jp/search/mall/%E3%83%93%E3%82%AA%E3%83%AC%20%E3%81%8A%E3%81%86%E3%81%A1de%E3%82%A8%E3%82%B9%E3%83%86%20%E6%B4%97%E9%A1%94%E3%82%B8%E3%82%A7%E3%83%AB%20%E3%81%AA%E3%82%81%E3%82%89%E3%81%8B/,false,,false,,,,,false
172,クレンジング,ザ クレンズ オイルメイク落とし ブラック,ビオレ,"¥1,408 / 190mL〜","毛穴,黒ずみ",炭（吸着成分）配合。独自の「メイク瞬浮き技術」により、くるくるなじませずにメイクを浮かせて落とす摩擦レス処方。,IMG_1497.jpg,https://www.amazon.co.jp/s?k=%E3%83%93%E3%82%AA%E3%83%AC%20%E3%82%B6%20%E3%82%AF%E3%83%AC%E3%83%B3%E3%82%BA%20%E3%82%AA%E3%82%A4%E3%83%AB%E3%83%A1%E3%82%A4%E3%82%AF%E8%90%BD%E3%81%A8%E3%81%97%20%E3%83%96%E3%83%A9%E3%83%83%E3%82%AF&tag=onamzyyy0410m-22,https://search.rakuten.co.jp/search/mall/%E3%83%93%E3%82%AA%E3%83%AC%20%E3%82%B6%20%E3%82%AF%E3%83%AC%E3%83%B3%E3%82%BA%20%E3%82%AA%E3%82%A4%E3%83%AB%E3%83%A1%E3%82%A4%E3%82%AF%E8%90%BD%E3%81%A8%E3%81%97%20%E3%83%96%E3%83%A9%E3%83%83%E3%82%AF/,false,,false,,,,,false
173,クレンジング,ザ クレンズ オイルメイク落とし モイスト,ビオレ,"¥1,408 / 190mL〜",乾燥,保湿成分配合。独自の「メイク瞬浮き技術」を採用し、摩擦を抑えながら洗い上がりしっとりとした肌へ導く。,IMG_1498.jpg,https://www.amazon.co.jp/s?k=%E3%83%93%E3%82%AA%E3%83%AC%20%E3%82%B6%20%E3%82%AF%E3%83%AC%E3%83%B3%E3%82%BA%20%E3%82%AA%E3%82%A4%E3%83%AB%E3%83%A1%E3%82%A4%E3%82%AF%E8%90%BD%E3%81%A8%E3%81%97%20%E3%83%A2%E3%82%A4%E3%82%B9%E3%83%88&tag=onamzyyy0410m-22,https://search.rakuten.co.jp/search/mall/%E3%83%93%E3%82%AA%E3%83%AC%20%E3%82%B6%20%E3%82%AF%E3%83%AC%E3%83%B3%E3%82%BA%20%E3%82%AA%E3%82%A4%E3%83%AB%E3%83%A1%E3%82%A4%E3%82%AF%E8%90%BD%E3%81%A8%E3%81%97%20%E3%83%A2%E3%82%A4%E3%82%B9%E3%83%88/,false,,false,,,,,false
174,クレンジング,ザ クレンズ オイルメイク落とし,ビオレ,"¥1,408 / 190mL〜","バリア機能,毛穴",独自の「メイク瞬浮き技術」を採用。ウォータープルーフマスカラなどの落ちにくいメイクも瞬時に浮かせて落とす。,IMG_1499.jpg,https://www.amazon.co.jp/s?k=%E3%83%93%E3%82%AA%E3%83%AC%20%E3%82%B6%20%E3%82%AF%E3%83%AC%E3%83%B3%E3%82%BA%20%E3%82%AA%E3%82%A4%E3%83%AB%E3%83%A1%E3%82%A4%E3%82%AF%E8%90%BD%E3%81%A8%E3%81%97&tag=onamzyyy0410m-22,https://search.rakuten.co.jp/search/mall/%E3%83%93%E3%82%AA%E3%83%AC%20%E3%82%B6%20%E3%82%AF%E3%83%AC%E3%83%B3%E3%82%BA%20%E3%82%AA%E3%82%A4%E3%83%AB%E3%83%A1%E3%82%A4%E3%82%AF%E8%90%BD%E3%81%A8%E3%81%97/,false,,false,,,,,false
175,クレンジング,角質浄化 肌磨きジェルクレンズ,ニベア,"¥1,320 / 150g〜","角質,ザラつき",美容保水成分（セラミドNG、ヒアルロン酸Na、スクワラン等）配合。メイク汚れとともに古い角質を落とし、潤いを守りながらつるんとした肌へ。,IMG_1568.jpg,https://www.amazon.co.jp/s?k=%E3%83%8B%E3%83%99%E3%82%A2%20%E8%82%8C%E7%A3%A8%E3%81%8D%20%E3%82%B8%E3%82%A7%E3%83%AB%E3%82%AF%E3%83%AC%E3%83%B3%E3%82%BA&i=beauty&tag=onamzyyy0410m-22,https://search.rakuten.co.jp/search/mall/%E3%83%8B%E3%83%99%E3%82%A2%20%E8%82%8C%E7%A3%A8%E3%81%8D%20%E3%82%B8%E3%82%A7%E3%83%AB%E3%82%AF%E3%83%AC%E3%83%B3%E3%82%BA/,false,,false,,,セラミド,,false
176,クレンジング,トリプルA アクティブクレンズ クレンジングオイル,ウーマンメソッド,"¥1,100 / 150mL〜",乾燥,リピジュア、異性化糖、トウモロコシ胚芽油等の高保湿成分配合。素早くメイクになじみ、潤いを残しながらすっきりと洗い上げる処方。,IMG_1569.jpg,https://www.amazon.co.jp/s?k=W/M%20AAA%20%E3%82%A2%E3%82%AF%E3%83%86%E3%82%A3%E3%83%96%E3%82%AF%E3%83%AC%E3%83%B3%E3%82%BA%20%E3%82%AF%E3%83%AC%E3%83%B3%E3%82%B8%E3%83%B3%E3%82%B0%E3%82%AA%E3%82%A4%E3%83%AB&i=beauty&tag=onamzyyy0410m-22,https://search.rakuten.co.jp/search/mall/W/M%20AAA%20%E3%82%A2%E3%82%AF%E3%83%86%E3%82%A3%E3%83%96%E3%82%AF%E3%83%AC%E3%83%B3%E3%82%BA%20%E3%82%AF%E3%83%AC%E3%83%B3%E3%82%B8%E3%83%B3%E3%82%B0%E3%82%AA%E3%82%A4%E3%83%AB/,false,,false,,,,,false
177,敏感肌,モイスチュア クレンジング オイルジェル【医薬部外品】,カルテHD,"¥1,320 / 130g〜","敏感肌,ニキビ",有効成分グリチルリチン酸ジカリウム配合。弾力のあるオイルジェルが摩擦を抑え、肌荒れを防ぎながらメイクや毛穴汚れを落とす低刺激処方。,IMG_1570.jpg,https://www.amazon.co.jp/dp/B0BN4ZZJGF/ref=nosim?tag=yyy0410mmm-22,https://hb.afl.rakuten.co.jp/hgc/g00rbnva.fhlem6d5.g00rbnva.fhlened0/?pc=https%3A%2F%2Fitem.rakuten.co.jp%2Ftsuruha%2F10153357%2F&m=http%3A%2F%2Fm.rakuten.co.jp%2Ftsuruha%2Fi%2F10089167%2F&rafcid=wsc_i_is_ee1229f7-691f-4a67-9e6c-9d1f5819b2d1,false,,false,,,グリチルリチン酸2K,https://thumbnail.image.rakuten.co.jp/@0_mall/tsuruha/cabinet/shouhin68/10153357_2.jpg,false
178,クレンジング,ザ クレンジング オイル,オルビス,"¥1,980 / 150mL〜","乾燥,バリア機能",植物由来の洗浄成分と保湿成分を配合。厚みのあるオイルがクッションとなり、こすらずにメイクを落として洗い上がりの肌の潤いを保つ。,IMG_1571.jpg,https://www.amazon.co.jp/s?k=%E3%82%AA%E3%83%AB%E3%83%93%E3%82%B9%20%E3%82%B6%20%E3%82%AF%E3%83%AC%E3%83%B3%E3%82%B8%E3%83%B3%E3%82%B0%E3%82%AA%E3%82%A4%E3%83%AB&i=beauty&tag=onamzyyy0410m-22,https://search.rakuten.co.jp/search/mall/%E3%82%AA%E3%83%AB%E3%83%93%E3%82%B9%20%E3%82%B6%20%E3%82%AF%E3%83%AC%E3%83%B3%E3%82%B8%E3%83%B3%E3%82%B0%E3%82%AA%E3%82%A4%E3%83%AB/,false,,false,,,,,false
179,敏感肌,無添加メイク落としオイル,カウブランド,¥968 / 150mL〜,"敏感肌,乾燥",セラミドやヒアルロン酸などの素肌由来保湿成分を配合。着色料・香料・防腐剤・品質安定剤・鉱物油・アルコールを徹底排除した肌への負担が少ない無添加処方。,IMG_1572.jpg,,https://hb.afl.rakuten.co.jp/hgc/g00tieoa.fhlem89e.g00tieoa.fhlen4ec/?pc=https%3A%2F%2Fitem.rakuten.co.jp%2Ftownmart%2F4901525958301%2F&m=http%3A%2F%2Fm.rakuten.co.jp%2Ftownmart%2Fi%2F10011344%2F&rafcid=wsc_i_is_ee1229f7-691f-4a67-9e6c-9d1f5819b2d1,false,,false,,,セラミド,https://thumbnail.image.rakuten.co.jp/@0_mall/townmart/cabinet/shohin00002/4901525958301.jpg,true
180,敏感肌,セーフミー リリーフ モイスチャー クレンジングミルク,make p:rem,"¥2,420 / 200mL〜","敏感肌,乾燥",セラミドNPやダイズエキスを配合。健康な肌に近いpH5.5の弱酸性処方で、肌のバリア機能を守りながらしっとりと優しく洗い上げる低刺激クレンジング。,IMG_1573.jpg,https://www.amazon.co.jp/dp/B08BZ254B7/ref=nosim?tag=yyy0410mmm-22,https://hb.afl.rakuten.co.jp/hgc/g00unzqa.fhlem1cb.g00unzqa.fhlen13e/?pc=https%3A%2F%2Fitem.rakuten.co.jp%2Finhak%2Fmakeprem-safe-me-cleansing-milk%2F&m=http%3A%2F%2Fm.rakuten.co.jp%2Finhak%2Fi%2F10000538%2F&rafcid=wsc_i_is_ee1229f7-691f-4a67-9e6c-9d1f5819b2d1,false,,false,,,セラミド,https://thumbnail.image.rakuten.co.jp/@0_mall/inhak/cabinet/002.jpg,true
181,化粧水,ジェルトゥウォーター クレンザー サクラ,ラゴム,"¥2,310 / 220mL〜","皮脂・テカリ,角質・ザラつき",アクアリシア等の保湿成分を配合。ジェルから水状に変化し、夜の間に浮き出た皮脂や不要な角質を優しく落としながら水分補給する朝用洗顔処方。,IMG_1484.jpg,https://www.amazon.co.jp/dp/B0GKNQZD7Y/ref=nosim?tag=yyy0410mmm-22,,false,,false,,,,https://lagomcosmetics.jp/cdn/shop/files/LG10159_main.jpg?v=1782972309&width=1920,true
182,化粧水,極潤 ヒアルロン泡洗顔,肌ラボ,¥495 / 160mL〜,乾燥,3種のヒアルロン酸（潤い成分）を配合。弾力のあるふんわり泡で、肌の潤いを残しながら汚れをすっきり落とす処方。,IMG_1485.jpg,https://www.amazon.co.jp/s?k=%E8%82%8C%E3%83%A9%E3%83%9C%20%E6%A5%B5%E6%BD%A4%20%E3%83%92%E3%82%A2%E3%83%AB%E3%83%AD%E3%83%B3%E6%B3%A1%E6%B4%97%E9%A1%94&tag=onamzyyy0410m-22,https://search.rakuten.co.jp/search/mall/%E8%82%8C%E3%83%A9%E3%83%9C%20%E6%A5%B5%E6%BD%A4%20%E3%83%92%E3%82%A2%E3%83%AB%E3%83%AD%E3%83%B3%E6%B3%A1%E6%B4%97%E9%A1%94/,false,,false,,,ヒアルロン酸,,false
183,化粧水,クリアピール セラム,ONE BY KOSÉ,"¥3,850 / 120mL〜","毛穴,角質・ザラつき",トレハロース配合。ちゅるんとした厚みのあるゲル処方で、古い角質や毛穴の黒ずみを優しく拭き取り、次に使うスキンケアの浸透をサポートする技術。,IMG_1486.jpg,https://www.amazon.co.jp/dp/B0CX5CVDKZ/ref=nosim?tag=yyy0410mmm-22,https://hb.afl.rakuten.co.jp/hgc/g00uh2za.fhlem212.g00uh2za.fhlend83/?pc=https%3A%2F%2Fitem.rakuten.co.jp%2Fbeautyeveryday%2F4971710576641%2F&m=http%3A%2F%2Fm.rakuten.co.jp%2Fbeautyeveryday%2Fi%2F10000414%2F&rafcid=wsc_i_is_ee1229f7-691f-4a67-9e6c-9d1f5819b2d1,false,,false,,,,,false
184,化粧水,高保湿先行バリア乳液,ケアセラAP,"¥1,320 / 130mL〜","乾燥,敏感肌",セラミドプラス、ペプチドCPを配合。洗顔後すぐに使うことで、乾燥肌のバリア機能をサポートし、その後のスキンケアの潤いを保つ先行乳液処方。,IMG_1487.jpg,https://www.amazon.co.jp/dp/B0D9YDRN1Q/ref=nosim?tag=yyy0410mmm-22,https://hb.afl.rakuten.co.jp/hgc/g00px3sa.fhleme7b.g00px3sa.fhlen7d0/?pc=https%3A%2F%2Fitem.rakuten.co.jp%2Fenergy%2Fal-4987241195206-ha%2F&m=http%3A%2F%2Fm.rakuten.co.jp%2Fenergy%2Fi%2F10092002%2F&rafcid=wsc_i_is_ee1229f7-691f-4a67-9e6c-9d1f5819b2d1,false,,false,,,セラミド,https://thumbnail.image.rakuten.co.jp/@0_mall/energy/cabinet/00516437/4987241195206.jpg,true
185,洗顔料,ポアクリア スクラブウォッシュ,ONE BY KOSÉ,"¥1,980 / 130g〜","毛穴,皮脂・テカリ",炭、クレイ、3種のスクラブ成分を配合。毛穴の奥の黒ずみや古い角質、過剰な皮脂汚れをすっきり落とし、つるんとしたなめらかな肌へ導く洗浄技術。,IMG_1488.jpg,https://www.amazon.co.jp/dp/B0DZCBLC5F/ref=nosim?tag=yyy0410mmm-22,https://hb.afl.rakuten.co.jp/hgc/g00tnwta.fhlem0d3.g00tnwta.fhlenaf1/?pc=https%3A%2F%2Fitem.rakuten.co.jp%2Ffancylifecosme%2F59578-neko%2F&m=http%3A%2F%2Fm.rakuten.co.jp%2Ffancylifecosme%2Fi%2F10002458%2F&rafcid=wsc_i_is_ee1229f7-691f-4a67-9e6c-9d1f5819b2d1,false,,false,,,,https://maison.kose.co.jp/img/goods/L/MUCF_main.png,true
186,洗顔料,乳液ケアメイク落とし【医薬部外品】,キュレル,"¥1,650 / 200mL〜","乾燥,敏感肌",有効成分（消炎剤）配合。100%乳液処方で、コットンでふき取るだけでメイク落とし・洗顔・セラミドケア・保湿まで完了する摩擦レス設計。,IMG_1489.jpg,,https://hb.afl.rakuten.co.jp/hgc/g00ufaua.fhlem24c.g00ufaua.fhlenb71/?pc=https%3A%2F%2Fitem.rakuten.co.jp%2Frakuten24-cosmetics%2F4901301422095%2F&m=http%3A%2F%2Fm.rakuten.co.jp%2Frakuten24-cosmetics%2Fi%2F10033648%2F&rafcid=wsc_i_is_ee1229f7-691f-4a67-9e6c-9d1f5819b2d1,false,,false,,,,https://thumbnail.image.rakuten.co.jp/@0_mall/rakuten24-cosmetics/cabinet/095/4901301422095.jpg,true
187,洗顔料,洗顔料 マイクロ泡セラム,ソフィーナ iP,"¥3,630 / 200g〜","毛穴,シミ・くすみ",高濃度の炭酸を含むマイクロ微細泡が毛穴の汚れを浮かせて落とし、洗うたびに潤って明るい透明感のある肌へ導く独自の泡技術。,IMG_1490.jpg,https://www.amazon.co.jp/s?k=%E3%82%BD%E3%83%95%E3%82%A3%E3%83%BC%E3%83%8A%20iP%20%E6%B4%97%E9%A1%94%E6%96%99%20%E3%83%9E%E3%82%A4%E3%82%AF%E3%83%AD%E6%B3%A1%E3%82%BB%E3%83%A9%E3%83%A0&tag=onamzyyy0410m-22,https://search.rakuten.co.jp/search/mall/%E3%82%BD%E3%83%95%E3%82%A3%E3%83%BC%E3%83%8A%20iP%20%E6%B4%97%E9%A1%94%E6%96%99%20%E3%83%9E%E3%82%A4%E3%82%AF%E3%83%AD%E6%B3%A1%E3%82%BB%E3%83%A9%E3%83%A0/,false,,false,,,,,false
188,洗顔料,エッセンスイン クレンジングフォーム【医薬部外品】,dプログラム,"¥2,090 / 120g〜","ニキビ,敏感肌",有効成分グリチルリチン酸ジカリウム配合。美容成分たっぷりのクッション泡で摩擦を減らし、肌荒れを防ぎながら優しく洗う低刺激処方。,IMG_1491.jpg,https://www.amazon.co.jp/dp/B0833RRH87/ref=nosim?tag=yyy0410mmm-22,https://hb.afl.rakuten.co.jp/hgc/g00ugpla.fhlem95d.g00ugpla.fhlen5b4/?pc=https%3A%2F%2Fitem.rakuten.co.jp%2Fmanro-store%2F4514254977767%2F&m=http%3A%2F%2Fm.rakuten.co.jp%2Fmanro-store%2Fi%2F10000870%2F&rafcid=wsc_i_is_ee1229f7-691f-4a67-9e6c-9d1f5819b2d1,false,,false,,,グリチルリチン酸2K,https://thumbnail.image.rakuten.co.jp/@0_mall/manro-store/cabinet/09992123/imgrc0088235165.jpg,true
189,洗顔料,ソフニングミルクウォッシュ,ファンケル,"¥1,650 / 120mL〜","乾燥,角質・ザラつき",泡立たないなめらかなミルク処方。アミノ酸系洗浄成分で摩擦レスに汚れを落とし、洗い上がりもしっとりとした柔らかい肌を保つ技術。,IMG_1492.jpg,https://www.amazon.co.jp/s?k=%E3%83%95%E3%82%A1%E3%83%B3%E3%82%B1%E3%83%AB%20%E3%82%BD%E3%83%95%E3%83%8B%E3%83%B3%E3%82%B0%E3%83%9F%E3%83%AB%E3%82%AF%E3%82%A6%E3%82%A9%E3%83%83%E3%82%B7%E3%83%A5&tag=onamzyyy0410m-22,https://search.rakuten.co.jp/search/mall/%E3%83%95%E3%82%A1%E3%83%B3%E3%82%B1%E3%83%AB%20%E3%82%BD%E3%83%95%E3%83%8B%E3%83%B3%E3%82%B0%E3%83%9F%E3%83%AB%E3%82%AF%E3%82%A6%E3%82%A9%E3%83%83%E3%82%B7%E3%83%A5/,false,,false,,,,,false
190,洗顔料,ジェントルウォッシュ ホイップ,ミノン アミノモイスト,"¥1,650 / 150mL〜","乾燥,敏感肌",9種の保潤アミノ酸と植物性アミノ酸系洗浄成分を配合。デリケートな肌のバリア機能を守りながら、ふんわり泡で優しく洗い上げる処方。,IMG_1493.jpg,https://www.amazon.co.jp/s?k=%E3%83%9F%E3%83%8E%E3%83%B3%20%E3%82%A2%E3%83%9F%E3%83%8E%E3%83%A2%E3%82%A4%E3%82%B9%E3%83%88%20%E3%82%B8%E3%82%A7%E3%83%B3%E3%83%88%E3%83%AB%E3%82%A6%E3%82%A9%E3%83%83%E3%82%B7%E3%83%A5%20%E3%83%9B%E3%82%A4%E3%83%83%E3%83%97&tag=onamzyyy0410m-22,https://search.rakuten.co.jp/search/mall/%E3%83%9F%E3%83%8E%E3%83%B3%20%E3%82%A2%E3%83%9F%E3%83%8E%E3%83%A2%E3%82%A4%E3%82%B9%E3%83%88%20%E3%82%B8%E3%82%A7%E3%83%B3%E3%83%88%E3%83%AB%E3%82%A6%E3%82%A9%E3%83%83%E3%82%B7%E3%83%A5%20%E3%83%9B%E3%82%A4%E3%83%83%E3%83%97/,false,,false,,,,,false
191,クリーム,PHA+LHA ピールケアセラム,INJESK,"¥3,900 / 50mL","角質・ザラつき,毛穴","高濃度PHA・LHA（30,000ppm）配合。クリーム状のテクスチャーで、肌の角質を優しくケアしながらバリア機能をサポートする処方。",IMG_1385.jpg,https://www.amazon.co.jp/s?k=INJESK%20PHA%2BLHA%20%E3%83%94%E3%83%BC%E3%83%AB%E3%82%B1%E3%82%A2%E3%82%BB%E3%83%A9%E3%83%A0&tag=onamzyyy0410m-22,https://search.rakuten.co.jp/search/mall/INJESK%20PHA%2BLHA%20%E3%83%94%E3%83%BC%E3%83%AB%E3%82%B1%E3%82%A2%E3%82%BB%E3%83%A9%E3%83%A0/,false,,false,,,"PHA,LHA",,false
192,クリーム,薬用リンクルブライトクリームマスク【医薬部外品】,無印良品,"¥1,990 / 80g","シワ,シミ・くすみ",有効成分ナイアシンアミド配合。シワ改善とシミ予防のアプローチに加え、ヒアルロン酸などがもっちりとしたハリを与える濃厚クリームマスク。,IMG_1386.jpg,https://www.amazon.co.jp/dp/B0DSHGGRDR/ref=nosim?tag=yyy0410mmm-22,https://hb.afl.rakuten.co.jp/hgc/g00tpdha.fhlem28a.g00tpdha.fhlen957/?pc=https%3A%2F%2Fitem.rakuten.co.jp%2Fmujirushi-ryohin%2F4550583991661%2F&m=http%3A%2F%2Fm.rakuten.co.jp%2Fmujirushi-ryohin%2Fi%2F10008445%2F&rafcid=wsc_i_is_ee1229f7-691f-4a67-9e6c-9d1f5819b2d1,false,,false,,,ナイアシンアミド,https://thumbnail.image.rakuten.co.jp/@0_mall/mujirushi-ryohin/cabinet/item43/4550583991661.jpg,true
193,クリーム,肌ラボ 極潤 美白パーフェクトゲル【医薬部外品】,肌ラボ,"¥1,617 / 100g","美白,乾燥",有効成分ホワイトトラネキサム酸配合。ビタミンC誘導体などのうるおい成分を凝縮し、これ1つで美白と高保湿を叶えるオールインワンゲル。,IMG_1387.jpg,https://www.amazon.co.jp/dp/B01BOR2FUK/ref=nosim?tag=yyy0410mmm-22,https://hb.afl.rakuten.co.jp/hgc/g00tbnsa.fhlem217.g00tbnsa.fhlen2f9/?pc=https%3A%2F%2Fitem.rakuten.co.jp%2Fyumekurage%2F4987241157600%2F&m=http%3A%2F%2Fm.rakuten.co.jp%2Fyumekurage%2Fi%2F10011224%2F&rafcid=wsc_i_is_ee1229f7-691f-4a67-9e6c-9d1f5819b2d1,false,,false,,,トラネキサム酸,https://thumbnail.image.rakuten.co.jp/@0_mall/yumekurage/cabinet/yumegazou3/4987241157600.jpg,true
194,クリーム,タンタンコンクドロップ,DEW,"¥4,180 / 55g",たるみ,ヒアルロン酸（保湿）配合。独自の濃密で糸を引くようなテクスチャーが肌にピタッと密着し、上向きの弾力感（タンタン）を与えるクリーム。,IMG_1388.jpg,,https://hb.afl.rakuten.co.jp/hgc/g00r136a.fhlemc18.g00r136a.fhlenc1f/?pc=https%3A%2F%2Fitem.rakuten.co.jp%2Frakuten24%2F405952%2F&m=http%3A%2F%2Fm.rakuten.co.jp%2Frakuten24%2Fi%2F11320276%2F&rafcid=wsc_i_is_ee1229f7-691f-4a67-9e6c-9d1f5819b2d1,false,,false,,,,https://thumbnail.image.rakuten.co.jp/@0_mall/rakuten24/cabinet/952/405952.jpg,true
195,クリーム,セラム シールド【医薬部外品】,ONE BY KOSÉ,"¥5,500 / 40g","シワ,乾燥",有効成分ライスパワーNo.11+配合（シワ改善・水分保持能改善）。バームのように密封し、肌の上で水状に変化して浸透する独自技術。,IMG_1389.jpg,,https://hb.afl.rakuten.co.jp/hgc/g00ujwta.fhlemaf2.g00ujwta.fhlen6b9/?pc=https%3A%2F%2Fitem.rakuten.co.jp%2Fcosmeavenue%2F4971710565065-free%2F&m=http%3A%2F%2Fm.rakuten.co.jp%2Fcosmeavenue%2Fi%2F10000922%2F&rafcid=wsc_i_is_ee1229f7-691f-4a67-9e6c-9d1f5819b2d1,false,,false,,,ライスパワーNo.11,,false
196,クリーム,キュアペア ソリューション,KOPHER,"¥5,200 / 50mL","ニキビ,シミ・くすみ",独自の「スキンバリアコンバージョンシステム」を採用。たっぷりの水分を与えながら肌バリアをサポートし、なめらかなトーンへ導く保湿クリーム。,IMG_1390.jpg,https://www.amazon.co.jp/s?k=KOPHER%20%E3%82%AD%E3%83%A5%E3%82%A2%E3%83%9A%E3%82%A2%20%E3%82%BD%E3%83%AA%E3%83%A5%E3%83%BC%E3%82%B7%E3%83%A7%E3%83%B3&tag=onamzyyy0410m-22,https://search.rakuten.co.jp/search/mall/KOPHER%20%E3%82%AD%E3%83%A5%E3%82%A2%E3%83%9A%E3%82%A2%20%E3%82%BD%E3%83%AA%E3%83%A5%E3%83%BC%E3%82%B7%E3%83%A7%E3%83%B3/,false,,false,,,,,false
197,クリーム,ゴールデンタイムリペア 深夜浸透クリーム,SOFINA iP,"¥2,970 / 55g","乾燥,ニキビ",セラミドケア成分やアミノ酸由来成分を配合。睡眠中の「ゴールデンタイム」に角層深部までうるおいを届け、翌朝もっちりとした肌へ導く処方。,IMG_1391.jpg,,https://hb.afl.rakuten.co.jp/hgc/g00qawwa.fhlem690.g00qawwa.fhlen929/?pc=https%3A%2F%2Fitem.rakuten.co.jp%2Fcosmecomonline%2F1000195083%2F&m=http%3A%2F%2Fm.rakuten.co.jp%2Fcosmecomonline%2Fi%2F10163835%2F&rafcid=wsc_i_is_ee1229f7-691f-4a67-9e6c-9d1f5819b2d1,false,,false,,,セラミド,https://thumbnail.image.rakuten.co.jp/@0_mall/cosmecomonline/cabinet/item-img215/item_1000195083_1.jpg,true
198,クリーム,クリーム UFC,キールズ,"¥4,950 / 50mL",乾燥,スクワラン、氷河糖タンパク（保湿成分）配合。軽やかなテクスチャーながら、肌の水分を閉じ込めて24時間うるおいとバリア機能を守る処方。,IMG_1392.jpg,https://www.amazon.co.jp/dp/B004JVSGWU/ref=nosim?tag=yyy0410mmm-22,https://hb.afl.rakuten.co.jp/hgc/g00pukua.fhlem091.g00pukua.fhlend83/?pc=https%3A%2F%2Fitem.rakuten.co.jp%2Fpureco%2Fprc-s-8377030757%2F&m=http%3A%2F%2Fm.rakuten.co.jp%2Fpureco%2Fi%2F10055413%2F&rafcid=wsc_i_is_ee1229f7-691f-4a67-9e6c-9d1f5819b2d1,false,,false,,,,https://thumbnail.image.rakuten.co.jp/@0_mall/pureco/cabinet/prc-s-837000/prc-s-8377030757.jpg,true
199,クリーム,薬用 リンクルジェルクリーム【医薬部外品】,ちふれ,"¥3,080 / 103g","シワ,美白",有効成分ナイアシンアミド配合。シワ改善・美白・抗肌荒れを叶えながら、1品で7つの役割を果たすマルチソリューションなオールインワン。,IMG_1393.jpg,https://www.amazon.co.jp/dp/B0C84G8Z52/ref=nosim?tag=yyy0410mmm-22,https://hb.afl.rakuten.co.jp/hgc/g00qawwa.fhlem690.g00qawwa.fhlen929/?pc=https%3A%2F%2Fitem.rakuten.co.jp%2Fcosmecomonline%2F1000172641%2F&m=http%3A%2F%2Fm.rakuten.co.jp%2Fcosmecomonline%2Fi%2F10151301%2F&rafcid=wsc_i_is_ee1229f7-691f-4a67-9e6c-9d1f5819b2d1,false,,false,,,ナイアシンアミド,https://thumbnail.image.rakuten.co.jp/@0_mall/cosmecomonline/cabinet/item-img2030/item_1000172641_1.jpg,true
200,クリーム,薬用 雪肌精 クリーム【医薬部外品】,雪肌精,"¥5,500 / 40g","シミ・くすみ,乾燥",ハトムギやトウキなどの和漢植物エキスを配合。みずみずしい感触で肌に溶け込み、メラニンの生成を抑えて透明感あふれる肌へ導く水性クリーム。,IMG_1394.jpg,,https://hb.afl.rakuten.co.jp/hgc/g00s81ua.fhlem5e2.g00s81ua.fhlen538/?pc=https%3A%2F%2Fitem.rakuten.co.jp%2Fryukyu-shoji%2Fkose-57025-58233%2F&m=http%3A%2F%2Fm.rakuten.co.jp%2Fryukyu-shoji%2Fi%2F10008102%2F&rafcid=wsc_i_is_ee1229f7-691f-4a67-9e6c-9d1f5819b2d1,false,,false,,,,https://thumbnail.image.rakuten.co.jp/@0_mall/ryukyu-shoji/cabinet/06638137/imgrc0115474597.jpg,true
201,クリーム,白潤プレミアム 薬用浸透美白クリーム【医薬部外品】,肌ラボ,約¥990 / 50g,"美白,ニキビ",有効成分ホワイトトラネキサム酸（美白）、グリチルリチン酸2K（抗炎症）配合。ナノ化ヒアルロン酸などの保湿成分を含み、角層深くまで浸透してシミを防ぐ美白処方。,IMG_1395.jpg,,https://hb.afl.rakuten.co.jp/hgc/g00r136a.fhlemc18.g00r136a.fhlenc1f/?pc=https%3A%2F%2Fitem.rakuten.co.jp%2Frakuten24%2F4987241168453%2F&m=http%3A%2F%2Fm.rakuten.co.jp%2Frakuten24%2Fi%2F11038762%2F&rafcid=wsc_i_is_ee1229f7-691f-4a67-9e6c-9d1f5819b2d1,false,,false,,,トラネキサム酸,https://thumbnail.image.rakuten.co.jp/@0_mall/rakuten24/cabinet/453/4987241168453.jpg,false
202,クリーム,デイスキンコンフォート,エクセル,"¥2,310 / 43g",乾燥,SPF32 PA++。レチノール、セラミド、ビタミンC誘導体などの美容液成分を配合。朝の肌に潤いを与え、日焼け止めや化粧下地の機能も兼ね備えた日中用デイクリーム処方。,IMG_1396.jpg,https://www.amazon.co.jp/dp/B0GXDG8W4K/ref=nosim?tag=yyy0410mmm-22,https://hb.afl.rakuten.co.jp/hgc/g00r136a.fhlemc18.g00r136a.fhlenc1f/?pc=https%3A%2F%2Fitem.rakuten.co.jp%2Frakuten24%2F4964596782268%2F&m=http%3A%2F%2Fm.rakuten.co.jp%2Frakuten24%2Fi%2F11253827%2F&rafcid=wsc_i_is_ee1229f7-691f-4a67-9e6c-9d1f5819b2d1,false,,false,,,レチノール,https://thumbnail.image.rakuten.co.jp/@0_mall/rakuten24/cabinet/268/4964596782268.jpg,true
203,クリーム,潤浸保湿 フェイスクリーム【医薬部外品】,キュレル,"¥3,080 / 40g","乾燥,敏感肌",有効成分アラントイン（消炎剤）配合。潤浸保湿セラミド機能成分とユーカリエキスが角層の深部まで浸透し、ふわっと軽い使用感でふっくらと潤いに満ちた肌へ導く処方。,IMG_1397.jpg,,https://hb.afl.rakuten.co.jp/hgc/g00qob6a.fhlemd8c.g00qob6a.fhlen214/?pc=https%3A%2F%2Fitem.rakuten.co.jp%2Fladydrug%2F4901301236210%2F&m=http%3A%2F%2Fm.rakuten.co.jp%2Fladydrug%2Fi%2F10004740%2F&rafcid=wsc_i_is_ee1229f7-691f-4a67-9e6c-9d1f5819b2d1,false,,false,,,アラントイン,https://kao-h.assetsadobe3.com/is/image/content/dam/sites/kao/www-kao-kirei-com/jp/ja/item/kbb/curel/25417079/GG01.jpg,true
204,クリーム,UFC メルトダウン リカバリー クリーム,キールズ,"¥5,940 / 50mL","ニキビ,敏感肌",アドバンスドリペアバリアテクノロジーを採用。コロイダルオートミールやパンテノールなどの修復サポート成分を配合し、一時的な赤みや乾燥などバリア機能の乱れを急速にケアして肌を保護する処方。,IMG_1398.jpg,https://www.amazon.co.jp/s?k=%E3%82%AD%E3%83%BC%E3%83%AB%E3%82%BA%20UFC%20%E3%83%A1%E3%83%AB%E3%83%88%E3%83%80%E3%82%A6%E3%83%B3%20%E3%83%AA%E3%82%AB%E3%83%90%E3%83%AA%E3%83%BC%20%E3%82%AF%E3%83%AA%E3%83%BC%E3%83%A0&tag=onamzyyy0410m-22,https://search.rakuten.co.jp/search/mall/%E3%82%AD%E3%83%BC%E3%83%AB%E3%82%BA%20UFC%20%E3%83%A1%E3%83%AB%E3%83%88%E3%83%80%E3%82%A6%E3%83%B3%20%E3%83%AA%E3%82%AB%E3%83%90%E3%83%AA%E3%83%BC%20%E3%82%AF%E3%83%AA%E3%83%BC%E3%83%A0/,false,,false,,,,,false
205,クリーム,薬用エイジングケアナイトクリーム【医薬部外品】,なめらか本舗,"¥1,100 / 50g","シワ,乾燥",有効成分ナイアシンアミド（シワ改善・シミ予防）とピュアレチノールを配合。豆乳発酵液による高保湿機能に加え、睡眠中の肌に密着してハリを与える「おやすみパック処方」。,IMG_1399.jpg,https://www.amazon.co.jp/s?k=%E3%81%AA%E3%82%81%E3%82%89%E3%81%8B%E6%9C%AC%E8%88%97%20%E8%96%AC%E7%94%A8%E3%82%A8%E3%82%A4%E3%82%B8%E3%83%B3%E3%82%B0%E3%82%B1%E3%82%A2%E3%83%8A%E3%82%A4%E3%83%88%E3%82%AF%E3%83%AA%E3%83%BC%E3%83%A0%E3%80%90%E5%8C%BB%E8%96%AC%E9%83%A8%E5%A4%96%E5%93%81%E3%80%91&tag=onamzyyy0410m-22,https://search.rakuten.co.jp/search/mall/%E3%81%AA%E3%82%81%E3%82%89%E3%81%8B%E6%9C%AC%E8%88%97%20%E8%96%AC%E7%94%A8%E3%82%A8%E3%82%A4%E3%82%B8%E3%83%B3%E3%82%B0%E3%82%B1%E3%82%A2%E3%83%8A%E3%82%A4%E3%83%88%E3%82%AF%E3%83%AA%E3%83%BC%E3%83%A0%E3%80%90%E5%8C%BB%E8%96%AC%E9%83%A8%E5%A4%96%E5%93%81%E3%80%91/,false,,false,,,"ナイアシンアミド,レチノール",,false
206,クリーム,ホワイト スパイクVC クリーム,ディセンシア,"¥7,150 / 36g","シミ・くすみ,敏感肌",ビタミンC誘導体配合。敏感肌特有のくすみや乾燥にアプローチし、独自の浸透技術で角層を潤いで満たしながら肌の透明感を底上げするブライトニング処方。,IMG_1400.jpg,https://www.amazon.co.jp/s?k=%E3%83%87%E3%82%A3%E3%82%BB%E3%83%B3%E3%82%B7%E3%82%A2%20%E3%83%9B%E3%83%AF%E3%82%A4%E3%83%88%20%E3%82%B9%E3%83%91%E3%82%A4%E3%82%AFVC%20%E3%82%AF%E3%83%AA%E3%83%BC%E3%83%A0&tag=onamzyyy0410m-22,https://search.rakuten.co.jp/search/mall/%E3%83%87%E3%82%A3%E3%82%BB%E3%83%B3%E3%82%B7%E3%82%A2%20%E3%83%9B%E3%83%AF%E3%82%A4%E3%83%88%20%E3%82%B9%E3%83%91%E3%82%A4%E3%82%AFVC%20%E3%82%AF%E3%83%AA%E3%83%BC%E3%83%A0/,false,,false,,,ビタミンC誘導体,,false
207,クリーム,薬用クリアバーム【医薬部外品】,イハダ,"¥1,760 / 18g","ニキビ,美白",有効成分m-トラネキサム酸（美白）、グリチルリチン酸ジカリウム（抗炎症）配合。高精製ワセリンが体温でとろけてピタッと密着し、外部刺激から保護しながら赤みやシミを防ぐバーム処方。,IMG_1401.jpg,https://www.amazon.co.jp/dp/B0CW1KY997/ref=nosim?tag=yyy0410mmm-22,https://hb.afl.rakuten.co.jp/hgc/g00u1ixa.fhlemba8.g00u1ixa.fhlena26/?pc=https%3A%2F%2Fitem.rakuten.co.jp%2Fdaikisone%2Fihada04167%2F&m=http%3A%2F%2Fm.rakuten.co.jp%2Fdaikisone%2Fi%2F10010228%2F&rafcid=wsc_i_is_ee1229f7-691f-4a67-9e6c-9d1f5819b2d1,false,,false,,,m-トラネキサム酸,https://thumbnail.image.rakuten.co.jp/@0_mall/daikisone/cabinet/d/ihada4167_001.jpg,true
208,クリーム,モイストリペア アイクリーム【医薬部外品】,キュレル,"¥3,080 / 25g","乾燥,シワ",有効成分アラントイン（消炎剤）配合。潤浸保湿セラミド機能成分が、皮膚が薄く乾燥しやすい目元にしっかりと留まり長時間の潤いとハリを与える「モイストリペア処方」。,IMG_1402.jpg,https://www.amazon.co.jp/dp/B08KTKGKHT/ref=nosim?tag=yyy0410mmm-22,https://hb.afl.rakuten.co.jp/hgc/g00tiz0a.fhlemf8f.g00tiz0a.fhlenedd/?pc=https%3A%2F%2Fitem.rakuten.co.jp%2Fhanaxhanadrug%2F4901301382528%2F&m=http%3A%2F%2Fm.rakuten.co.jp%2Fhanaxhanadrug%2Fi%2F10025241%2F&rafcid=wsc_i_is_ee1229f7-691f-4a67-9e6c-9d1f5819b2d1,false,,false,,,アラントイン,,false
209,クリーム,クリーム,ディセンシア,"¥6,380 / 30g","乾燥,敏感肌",セラミドナノスフィア配合。独自のバリア膜技術「ヴァイタサイクルヴェール」を採用し、敏感に傾いた肌を外部刺激から守りながら角層の奥まで潤いを届ける高保湿処方。,IMG_1403.jpg,,https://hb.afl.rakuten.co.jp/hgc/g00qawwa.fhlem690.g00qawwa.fhlen929/?pc=https%3A%2F%2Fitem.rakuten.co.jp%2Fcosmecomonline%2F1000173465%2F&m=http%3A%2F%2Fm.rakuten.co.jp%2Fcosmecomonline%2Fi%2F10151868%2F&rafcid=wsc_i_is_ee1229f7-691f-4a67-9e6c-9d1f5819b2d1,false,,false,,,セラミド,https://thumbnail.image.rakuten.co.jp/@0_mall/cosmecomonline/cabinet/item-img2031/item_1000173465_1.jpg,true
210,クリーム,リフトクリーム,オバジX,"¥11,000 / 50g",たるみ,独自の「ブーストペプチド」やコラーゲンサポート成分を配合。こっくりとした濃厚なテクスチャーが肌を包み込み、フェイスラインを下から引き上げるように形状記憶させるハリ・弾力処方。,IMG_1404.jpg,https://www.amazon.co.jp/s?k=%E3%82%AA%E3%83%90%E3%82%B8X%20%E3%83%AA%E3%83%95%E3%83%88%E3%82%AF%E3%83%AA%E3%83%BC%E3%83%A0&tag=onamzyyy0410m-22,https://search.rakuten.co.jp/search/mall/%E3%82%AA%E3%83%90%E3%82%B8X%20%E3%83%AA%E3%83%95%E3%83%88%E3%82%AF%E3%83%AA%E3%83%BC%E3%83%A0/,false,,false,,,,,false
211,クリーム,極潤 薬用ハリクリーム【医薬部外品】,肌ラボ,"約¥1,100 / 50g","シワ,たるみ",有効成分ナイアシンアミド配合（シワ改善・シミ予防）。3種のヒアルロン酸（うるおい成分）を含み、年齢を重ねた肌にピンとしたハリを与えるエイジングケア処方。,IMG_1405.jpg,https://www.amazon.co.jp/dp/B0H1X9CW1C/ref=nosim?tag=yyy0410mmm-22,https://hb.afl.rakuten.co.jp/hgc/g00qydva.fhlem0f6.g00qydva.fhlen61c/?pc=https%3A%2F%2Fitem.rakuten.co.jp%2Fkenko-depart%2F415715%2F&m=http%3A%2F%2Fm.rakuten.co.jp%2Fkenko-depart%2Fi%2F10016329%2F&rafcid=wsc_i_is_ee1229f7-691f-4a67-9e6c-9d1f5819b2d1,false,,false,,,ナイアシンアミド,https://thumbnail.image.rakuten.co.jp/@0_mall/kenko-depart/cabinet/gazou9/415715.jpg,true
212,クリーム,モイストチャージ クリーム,ミノン アミノモイスト,"約¥2,530 / 40g","乾燥,角質・ザラつき",9種の保潤アミノ酸と2種の清透アミノ酸配合。乾燥でごわついた角層の隙間を埋めるように浸透し、なめらかな肌へ導く濃密な保湿クリーム。,IMG_1406.jpg,https://www.amazon.co.jp/dp/B0CCRCPWCP/ref=nosim?tag=yyy0410mmm-22,https://hb.afl.rakuten.co.jp/hgc/g00q8dea.fhlem1bc.g00q8dea.fhlenc10/?pc=https%3A%2F%2Fitem.rakuten.co.jp%2Fseikatsuzakka-plus1%2F4987107670533%2F&m=http%3A%2F%2Fm.rakuten.co.jp%2Fseikatsuzakka-plus1%2Fi%2F10163685%2F&rafcid=wsc_i_is_ee1229f7-691f-4a67-9e6c-9d1f5819b2d1,false,,false,,,,,false
213,クリーム,極潤プレミアム ヒアルロンクリーム,肌ラボ,約¥990 / 50g,乾燥,7種のヒアルロン酸（うるおい成分）を配合。美容オイルが溶け込んだような濃厚な使い心地で、潤いを密封して長時間乾燥を防ぐ高保湿処方。,IMG_1407.jpg,https://www.amazon.co.jp/dp/B08DRM4ZLX/ref=nosim?tag=yyy0410mmm-22,https://hb.afl.rakuten.co.jp/hgc/g00r136a.fhlemc18.g00r136a.fhlenc1f/?pc=https%3A%2F%2Fitem.rakuten.co.jp%2Frakuten24%2F4987241167036%2F&m=http%3A%2F%2Fm.rakuten.co.jp%2Frakuten24%2Fi%2F10989241%2F&rafcid=wsc_i_is_ee1229f7-691f-4a67-9e6c-9d1f5819b2d1,false,,false,,,ヒアルロン酸,https://thumbnail.image.rakuten.co.jp/@0_mall/rakuten24/cabinet/036/4987241167036.jpg,true
214,クリーム,プロバイオダーム 3D リフティングクリーム,BIO HEAL BOH,"¥3,300 / 50mL",たるみ,独自のプロバイオダーム（乳酸菌由来成分）とペプチドコンプレックスを配合。肌の弾力とハリを立体的にサポートする「塗るハイフ」とも呼ばれるリフティング処方。,IMG_1409.jpg,https://www.amazon.co.jp/s?k=BIO%20HEAL%20BOH%20%E3%83%97%E3%83%AD%E3%83%90%E3%82%A4%E3%82%AA%E3%83%80%E3%83%BC%E3%83%A0%203D%20%E3%83%AA%E3%83%95%E3%83%86%E3%82%A3%E3%83%B3%E3%82%B0%E3%82%AF%E3%83%AA%E3%83%BC%E3%83%A0&tag=onamzyyy0410m-22,https://search.rakuten.co.jp/search/mall/BIO%20HEAL%20BOH%20%E3%83%97%E3%83%AD%E3%83%90%E3%82%A4%E3%82%AA%E3%83%80%E3%83%BC%E3%83%A0%203D%20%E3%83%AA%E3%83%95%E3%83%86%E3%82%A3%E3%83%B3%E3%82%B0%E3%82%AF%E3%83%AA%E3%83%BC%E3%83%A0/,false,,false,,,,,false
215,クリーム,クリーム ジャー【医薬部外品】,キュレル,"¥1,650 / 90g","乾燥,ニキビ",有効成分アラントイン（消炎剤）配合。潤浸保湿セラミド機能成分とユーカリエキスが角層深部まで浸透し、顔や全身の肌荒れを防ぐバリア補強処方。,IMG_1410.jpg,,https://hb.afl.rakuten.co.jp/hgc/g00t96na.fhlemaa6.g00t96na.fhlen7cf/?pc=https%3A%2F%2Fitem.rakuten.co.jp%2Fkyorindo%2F4901301210708%2F&m=http%3A%2F%2Fm.rakuten.co.jp%2Fkyorindo%2Fi%2F10002871%2F&rafcid=wsc_i_is_ee1229f7-691f-4a67-9e6c-9d1f5819b2d1,false,,false,,,アラントイン,https://thumbnail.image.rakuten.co.jp/@0_mall/kyorindo/cabinet/item2/4901301210708.jpg,true
216,クリーム,キュアペア メラクリーム,KOPHER,"約¥3,960 / 35mL","シミ,くすみ",トラネキサム酸やナイアシンアミドなどの成分を配合。独自のスキンバリアコンバージョンシステムでバリア機能を整えながら、くすみやシミにアプローチする処方。,IMG_1416.jpg,https://www.amazon.co.jp/s?k=KOPHER%20%E3%82%AD%E3%83%A5%E3%82%A2%E3%83%9A%E3%82%A2%20%E3%83%A1%E3%83%A9%E3%82%AF%E3%83%AA%E3%83%BC%E3%83%A0&tag=onamzyyy0410m-22,https://search.rakuten.co.jp/search/mall/KOPHER%20%E3%82%AD%E3%83%A5%E3%82%A2%E3%83%9A%E3%82%A2%20%E3%83%A1%E3%83%A9%E3%82%AF%E3%83%AA%E3%83%BC%E3%83%A0/,false,,false,,,,,false
217,クリーム,マデカクリーム タイムリバース,センテリアン24,"約¥2,600 / 50mL","ニキビ,シワ",独自のツボクサエキス（TECA）やペプチドを配合。肌荒れを鎮静しながら、年齢サインにアプローチしてハリと弾力を与えるエイジングケアクリーム。,IMG_1418.jpg,,https://hb.afl.rakuten.co.jp/hgc/g00tqi4a.fhlem5f6.g00tqi4a.fhlenfe7/?pc=https%3A%2F%2Fitem.rakuten.co.jp%2Ftheshopkorea%2Fcentellian24_03%2F&m=http%3A%2F%2Fm.rakuten.co.jp%2Ftheshopkorea%2Fi%2F10001066%2F&rafcid=wsc_i_is_ee1229f7-691f-4a67-9e6c-9d1f5819b2d1,false,,false,,,,https://thumbnail.image.rakuten.co.jp/@0_mall/theshopkorea/cabinet/08648682/10323211/imgrc0109404838.jpg,true
218,クリーム,リジェダム365 インテンシブ リフティングカプセルクリーム,エストラ,"¥5,940 / 50mL","たるみ,敏感肌",独自のセラミドカプセルとエイジングケア成分を配合。敏感肌のバリア機能を強化しながら、肌の弾力とハリを高めるスローエイジング処方。,IMG_1420.jpg,https://www.amazon.co.jp/s?k=%E3%82%A8%E3%82%B9%E3%83%88%E3%83%A9%20%E3%83%AA%E3%82%B8%E3%82%A7%E3%83%80%E3%83%A0365%20%E3%82%A4%E3%83%B3%E3%83%86%E3%83%B3%E3%82%B7%E3%83%96%20%E3%83%AA%E3%83%95%E3%83%86%E3%82%A3%E3%83%B3%E3%82%B0%E3%82%AB%E3%83%97%E3%82%BB%E3%83%AB%E3%82%AF%E3%83%AA%E3%83%BC%E3%83%A0&tag=onamzyyy0410m-22,https://search.rakuten.co.jp/search/mall/%E3%82%A8%E3%82%B9%E3%83%88%E3%83%A9%20%E3%83%AA%E3%82%B8%E3%82%A7%E3%83%80%E3%83%A0365%20%E3%82%A4%E3%83%B3%E3%83%86%E3%83%B3%E3%82%B7%E3%83%96%20%E3%83%AA%E3%83%95%E3%83%86%E3%82%A3%E3%83%B3%E3%82%B0%E3%82%AB%E3%83%97%E3%82%BB%E3%83%AB%E3%82%AF%E3%83%AA%E3%83%BC%E3%83%A0/,false,,false,,,セラミド,,false
219,クリーム,セラミド パンテノール モイスチャー バリア クリーム,アヌア,"約¥2,800 / 100mL","乾燥,敏感肌",3種のセラミドとパンテノールを配合。乱れた肌バリアを集中ケアし、肌の奥までしっかりと水分を補給して長時間潤いをキープする高保湿処方。,IMG_1421.jpg,https://www.amazon.co.jp/dp/B0DMVF5XH1/ref=nosim?tag=yyy0410mmm-22,https://hb.afl.rakuten.co.jp/hgc/g00u6mza.fhlembe9.g00u6mza.fhlenb7a/?pc=https%3A%2F%2Fitem.rakuten.co.jp%2Fanuajapan%2Fanua00119%2F&m=http%3A%2F%2Fm.rakuten.co.jp%2Fanuajapan%2Fi%2F10000362%2F&rafcid=wsc_i_is_ee1229f7-691f-4a67-9e6c-9d1f5819b2d1,false,,false,,,"セラミド,パンテノール",https://thumbnail.image.rakuten.co.jp/@0_mall/anuajapan/cabinet/11452587/imgrc0122273036.jpg,true
220,クリーム,エイジングケア ミルククリーム,ミノン アミノモイスト,"約¥2,530 / 100g","乾燥,シワ",9種の保潤アミノ酸と、ハリを与え艶肌へ導くエイジングケア成分配合。乳液とクリームの効果を1本にまとめ、とろけるように肌になじむ摩擦レス処方。,IMG_1423.jpg,,https://hb.afl.rakuten.co.jp/hgc/g00tlida.fhlem1ce.g00tlida.fhlen1bd/?pc=https%3A%2F%2Fitem.rakuten.co.jp%2Fsunglow%2F4987107628961%2F&m=http%3A%2F%2Fm.rakuten.co.jp%2Fsunglow%2Fi%2F10004140%2F&rafcid=wsc_i_is_ee1229f7-691f-4a67-9e6c-9d1f5819b2d1,false,,false,,,,,false
221,クリーム,薬用ナイトパック【医薬部外品】,イハダ,"¥1,980 / 70g","乾燥,ニキビ",有効成分m-トラネキサム酸（美白）、グリチルリチン酸ジカリウム配合。高精製ワセリンが寝ている間の肌を摩擦なく保護し、バリア機能をサポートする夜用パック処方。,IMG_1424.jpg,https://www.amazon.co.jp/dp/B0CW1KVTKV/ref=nosim?tag=yyy0410mmm-22,https://hb.afl.rakuten.co.jp/hgc/g00r136a.fhlemc18.g00r136a.fhlenc1f/?pc=https%3A%2F%2Fitem.rakuten.co.jp%2Frakuten24%2F4909978204761%2F&m=http%3A%2F%2Fm.rakuten.co.jp%2Frakuten24%2Fi%2F11241719%2F&rafcid=wsc_i_is_ee1229f7-691f-4a67-9e6c-9d1f5819b2d1,false,,false,,,m-トラネキサム酸,https://thumbnail.image.rakuten.co.jp/@0_mall/rakuten24/cabinet/761/4909978204761.jpg,true
222,クリーム,バランシング おやすみマスク,エリクシール ルフレ,"¥1,980 / 90g","毛穴,皮脂・テカリ",皮脂と水分のバランスを整えるスキンバランス処方。寝る前に塗るだけで、翌朝つるんと「つや玉」のあるふっくらとした肌へ導くジェルマスク。,IMG_1425.jpg,https://www.amazon.co.jp/dp/B07QF2PD7H/ref=nosim?tag=yyy0410mmm-22,https://hb.afl.rakuten.co.jp/hgc/g00ss0ea.fhlem7ea.g00ss0ea.fhlen774/?pc=https%3A%2F%2Fitem.rakuten.co.jp%2Fmatsuya-cosme%2F97116-1%2F&m=http%3A%2F%2Fm.rakuten.co.jp%2Fmatsuya-cosme%2Fi%2F10008767%2F&rafcid=wsc_i_is_ee1229f7-691f-4a67-9e6c-9d1f5819b2d1,false,,false,,,,https://thumbnail.image.rakuten.co.jp/@0_mall/matsuya-cosme/cabinet/97116matsu.jpg,true
223,クリーム,シカプラスト リペアクリーム B5+,ラ ロッシュ ポゼ,"¥2,970 / 40mL","ニキビ,敏感肌",パンテノール（B5）、マデカッソシド（CICA）、独自成分トリバイオマ配合。日本人の肌に合わせて開発され、バリア機能をサポートして肌荒れを防ぐ処方。,IMG_1426.jpg,https://www.amazon.co.jp/s?k=%E3%83%A9%20%E3%83%AD%E3%83%83%E3%82%B7%E3%83%A5%20%E3%83%9D%E3%82%BC%20%E3%82%B7%E3%82%AB%E3%83%97%E3%83%A9%E3%82%B9%E3%83%88%20%E3%83%AA%E3%83%9A%E3%82%A2%E3%82%AF%E3%83%AA%E3%83%BC%E3%83%A0%20B5%2B&tag=onamzyyy0410m-22,https://search.rakuten.co.jp/search/mall/%E3%83%A9%20%E3%83%AD%E3%83%83%E3%82%B7%E3%83%A5%20%E3%83%9D%E3%82%BC%20%E3%82%B7%E3%82%AB%E3%83%97%E3%83%A9%E3%82%B9%E3%83%88%20%E3%83%AA%E3%83%9A%E3%82%A2%E3%82%AF%E3%83%AA%E3%83%BC%E3%83%A0%20B5%2B/,false,,false,,,"パンテノール,マデカッソシド",,false
224,クリーム,アトバリア365 ハイドロスージングクリーム,エストラ,"¥3,300 / 60mL",乾燥,独自の複合セラミド「DermaON」に加え、水分複合体「BMF」を配合。肌の奥深くまで水分を満たし、ベタつかずさっぱり潤う水分クリーム。,IMG_1427.jpg,,https://hb.afl.rakuten.co.jp/hgc/g00u7nfa.fhlemcb1.g00u7nfa.fhlena40/?pc=https%3A%2F%2Fitem.rakuten.co.jp%2Fjoyance-m%2F10000695%2F&m=http%3A%2F%2Fm.rakuten.co.jp%2Fjoyance-m%2Fi%2F10001112%2F&rafcid=wsc_i_is_ee1229f7-691f-4a67-9e6c-9d1f5819b2d1,false,,false,,,セラミド,https://jp.aestura.com/cdn/shop/files/1200x1200_863f7354-5887-4d39-bae5-3029ca1a9c7a.png?v=1739233518,true
225,クリーム,レーザーリジュビネーションクリーム,セルフュージョンC,"¥3,300 / 50mL","ニキビ,敏感肌",ペプチドコンプレックスやセラミド配合。美容施術後や外部刺激によって弱った肌のバリア機能をサポートし、健やかな肌へ導く高保湿クリーム。,IMG_1428.jpg,https://www.amazon.co.jp/s?k=%E3%82%BB%E3%83%AB%E3%83%95%E3%83%A5%E3%83%BC%E3%82%B8%E3%83%A7%E3%83%B3C%20%E3%83%AC%E3%83%BC%E3%82%B6%E3%83%BC%E3%83%AA%E3%82%B8%E3%83%A5%E3%83%93%E3%83%8D%E3%83%BC%E3%82%B7%E3%83%A7%E3%83%B3%E3%82%AF%E3%83%AA%E3%83%BC%E3%83%A0&tag=onamzyyy0410m-22,https://search.rakuten.co.jp/search/mall/%E3%82%BB%E3%83%AB%E3%83%95%E3%83%A5%E3%83%BC%E3%82%B8%E3%83%A7%E3%83%B3C%20%E3%83%AC%E3%83%BC%E3%82%B6%E3%83%BC%E3%83%AA%E3%82%B8%E3%83%A5%E3%83%93%E3%83%8D%E3%83%BC%E3%82%B7%E3%83%A7%E3%83%B3%E3%82%AF%E3%83%AA%E3%83%BC%E3%83%A0/,false,,false,,,セラミド,,false
226,クリーム,モイストセットアップクリーム,ウォンジョンヨ,"約¥2,200 / 50g",乾燥,メイク前の肌を整え、ベースメイクの密着力とノリを向上させるなめらかなテクスチャー。肌をしっかり保湿し、潤いの土台をつくるプレメイク用スキンクリーム。,IMG_1430.jpg,https://www.amazon.co.jp/s?k=%E3%82%A6%E3%82%A9%E3%83%B3%E3%82%B8%E3%83%A7%E3%83%B3%E3%83%A8%20%E3%83%A2%E3%82%A4%E3%82%B9%E3%83%88%E3%82%BB%E3%83%83%E3%83%88%E3%82%A2%E3%83%83%E3%83%97%E3%82%AF%E3%83%AA%E3%83%BC%E3%83%A0&tag=onamzyyy0410m-22,https://search.rakuten.co.jp/search/mall/%E3%82%A6%E3%82%A9%E3%83%B3%E3%82%B8%E3%83%A7%E3%83%B3%E3%83%A8%20%E3%83%A2%E3%82%A4%E3%82%B9%E3%83%88%E3%82%BB%E3%83%83%E3%83%88%E3%82%A2%E3%83%83%E3%83%97%E3%82%AF%E3%83%AA%E3%83%BC%E3%83%A0/,false,,false,,,,,false
227,美容液,薬用しみ 集中対策 プレミアム美容液【医薬部外品】,メラノCC,"¥1,628 / 20mL","美白,シミ,シミ・くすみ",活性型ビタミンC（アスコルビン酸）+3種ビタミンC誘導体配合の薬用美白美容液。皮脂抑制成分ピリドキシン塩酸塩・抗炎症アラントインも配合で毛穴ケアと美白を両立。プレミアム版は通常版より高濃度処方。,IMG_2787.jpg,https://www.amazon.co.jp/dp/B0BCVS9ZV5/ref=nosim?tag=yyy0410mmm-22,https://hb.afl.rakuten.co.jp/hgc/g00r136a.fhlemc18.g00r136a.fhlenc1f/?pc=https%3A%2F%2Fitem.rakuten.co.jp%2Frakuten24%2F4987241168583%2F&m=http%3A%2F%2Fm.rakuten.co.jp%2Frakuten24%2Fi%2F11039228%2F&rafcid=wsc_i_is_ee1229f7-691f-4a67-9e6c-9d1f5819b2d1,false,,false,,,"ビタミンC誘導体,アスコルビン酸,アラントイン,ピリドキシン塩酸塩",https://thumbnail.image.rakuten.co.jp/@0_mall/rakuten24/cabinet/583/4987241168583.jpg,true
228,美容液,薬用しみ 集中対策 美容液【医薬部外品】,メラノCC,"約¥1,210 / 20mL","美白,シミ",活性型ビタミンC+ビタミンE誘導体配合のプチプラ美白美容液。第3類医薬品系のロート開発で、コスパ優先で美白ケアを始めたい人の定番。,IMG_2788.jpg,https://www.amazon.co.jp/dp/B00ITAP8P0/ref=nosim?tag=yyy0410mmm-22,https://hb.afl.rakuten.co.jp/hgc/g00uneja.fhlem457.g00uneja.fhlenea1/?pc=https%3A%2F%2Fitem.rakuten.co.jp%2Fkaityannomise%2Fmerano8583%2F&m=http%3A%2F%2Fm.rakuten.co.jp%2Fkaityannomise%2Fi%2F10003190%2F&rafcid=wsc_i_is_ee1229f7-691f-4a67-9e6c-9d1f5819b2d1,false,,false,,,"ビタミンC誘導体,アスコルビン酸,アラントイン",https://thumbnail.image.rakuten.co.jp/@0_mall/kaityannomise/cabinet/m/merano8583_001.jpg,true
229,化粧水,白潤プレミアム 薬用浸透美白化粧水【医薬部外品】,肌ラボ,"¥1,144 / 170mL","美白,シミ・くすみ,くすみ",ホワイトトラネキサム酸+グリチルリチン酸2K配合の薬用美白化粧水。ナノ化ヒアルロン酸・ビタミンC誘導体・ビタミンEで保湿もしっかり。無香料・無着色・アルコールフリー。,IMG_2789.jpg,https://www.amazon.co.jp/dp/B08WSHPTWZ/ref=nosim?tag=yyy0410mmm-22,https://hb.afl.rakuten.co.jp/hgc/g00ugyna.fhleme36.g00ugyna.fhlen30d/?pc=https%3A%2F%2Fitem.rakuten.co.jp%2Frakutensokuhaimart%2F4987241168446%2F&m=http%3A%2F%2Fm.rakuten.co.jp%2Frakutensokuhaimart%2Fi%2F10015429%2F&rafcid=wsc_i_is_ee1229f7-691f-4a67-9e6c-9d1f5819b2d1,false,,false,,,"トラネキサム酸,グリチルリチン酸,ヒアルロン酸,ビタミンC誘導体",https://thumbnail.image.rakuten.co.jp/@0_mall/rakutensokuhaimart/cabinet/rakuten24/wb446/4987241168446.jpg,true
230,乳液,ナノエマルジョン ディープ,トゥヴェール,"¥3,060 / 60mL（5/18から¥3,610）","乾燥,保湿,バリア機能,セラミド,エイジングケア","セラミド類似成分12%（最高濃度）+5種ヒト型セラミド+14種アミノ酸+エクトイン0.5%。紫外線・乾燥・温度変化など外的ストレスから肌のうるおいを守る最上位設計。5/18から¥3,610へ値上げ予定。",IMG_2790.jpg,,https://hb.afl.rakuten.co.jp/hgc/g00uhwla.fhlem8a1.g00uhwla.fhlen28b/?pc=https%3A%2F%2Fitem.rakuten.co.jp%2Fbungen-shop%2Ftout-sk-4582389241930%2F&m=http%3A%2F%2Fm.rakuten.co.jp%2Fbungen-shop%2Fi%2F10003389%2F&rafcid=wsc_i_is_ee1229f7-691f-4a67-9e6c-9d1f5819b2d1,true,,true,"dry,sensitive,aging",値上げ前駆け込みMUST。3種の中で最も濃い設計（セラミド12%＋エクトイン）。乾燥+紫外線ダメージ+エイジングサインの3点セットに刺さる1本。,"セラミド,ヒト型セラミド,アミノ酸,エクトイン,ヒアルロン酸",https://thumbnail.image.rakuten.co.jp/@0_mall/bungen-shop/cabinet/shohin/tout/1/4582389241930.jpg,true
231,乳液,ナノエマルジョン,トゥヴェール,"¥3,060 / 60mL（5/18から¥3,610）","乾燥,保湿,バリア機能,セラミド","セラミド類似成分10%＋ヒト型セラミド3＋12種のアミノ酸を超高圧ナノ乳化。インナードライ肌の角層深部までしっかり浸透するベース処方。5/18から¥3,610へ値上げ予定。",IMG_2791.jpg,https://www.amazon.co.jp/dp/B01LX1FX5B/ref=nosim?tag=yyy0410mmm-22,https://hb.afl.rakuten.co.jp/hgc/g00uhwla.fhlem8a1.g00uhwla.fhlen28b/?pc=https%3A%2F%2Fitem.rakuten.co.jp%2Fbungen-shop%2Ftout-sk-4582389240063%2F&m=http%3A%2F%2Fm.rakuten.co.jp%2Fbungen-shop%2Fi%2F10003347%2F&rafcid=wsc_i_is_ee1229f7-691f-4a67-9e6c-9d1f5819b2d1,true,,true,"dry,combination,normal",ナノエマルジョンシリーズの定番。セラミド10%でコスパ最強。乾燥肌・普通肌・混合肌の入門に。,"セラミド,ヒト型セラミド3,アミノ酸,ヒアルロン酸",https://thumbnail.image.rakuten.co.jp/@0_mall/bungen-shop/cabinet/shohin/tout/1/4582389240063.jpg,true
232,美容液,薬用リンクルブライト美容液【医薬部外品】,無印良品,"¥2,990 / 50mL","シワ,シミ・くすみ,エイジングケア",有効成分ナイアシンアミド配合。米ぬか発酵液（酵母エキス）が肌にハリとうるおいを与えるジェルタイプの薬用美容液。シワ改善と美白を同時にケア。合成香料無添加・無着色・無鉱物油・弱酸性・パラベンフリー・アルコールフリー。,IMG_1176.jpg,https://www.amazon.co.jp/dp/B0DSHDYWKJ/ref=nosim?tag=yyy0410mmm-22,https://hb.afl.rakuten.co.jp/hgc/g00tpdha.fhlem28a.g00tpdha.fhlen957/?pc=https%3A%2F%2Fitem.rakuten.co.jp%2Fmujirushi-ryohin%2F4550583991647%2F&m=http%3A%2F%2Fm.rakuten.co.jp%2Fmujirushi-ryohin%2Fi%2F10008423%2F&rafcid=wsc_i_is_ee1229f7-691f-4a67-9e6c-9d1f5819b2d1,false,,false,,,"ナイアシンアミド,米ぬか発酵液",https://thumbnail.image.rakuten.co.jp/@0_mall/mujirushi-ryohin/cabinet/item43/4550583991647.jpg,true
233,化粧水,薬用しみ対策 美白化粧水【医薬部外品】,メラノCC,¥935 / 170mL,"皮脂・テカリ,毛穴,美白",活性型ビタミンC（アスコルビン酸）と3種の保湿成分配合の薬用美白化粧水。メラニンの生成を抑えてシミ・そばかすを防ぎ、抗炎症成分が肌のほてりを抑える。さっぱりとした使用感で、皮脂・毛穴が気になる肌のベース作りに。,melano-cc-lotion-normal.jpg,https://www.amazon.co.jp/dp/B0FDQCZJ8G/ref=nosim?tag=yyy0410mmm-22,https://hb.afl.rakuten.co.jp/hgc/g00r136a.fhlemc18.g00r136a.fhlenc1f/?pc=https%3A%2F%2Fitem.rakuten.co.jp%2Frakuten24%2F4987241198900%2F&m=http%3A%2F%2Fm.rakuten.co.jp%2Frakuten24%2Fi%2F11351027%2F&rafcid=wsc_i_is_ee1229f7-691f-4a67-9e6c-9d1f5819b2d1,false,,false,,,"ビタミンC誘導体,アスコルビン酸",https://thumbnail.image.rakuten.co.jp/@0_mall/rakuten24/cabinet/900/4987241198900.jpg,true
234,化粧水,モイストケア ローション EX【医薬部外品】,dプログラム,"¥3,300 / 125mL","敏感肌,乾燥,保湿,肌荒れ",肌荒れを防ぐ有効成分トラネキサム酸・グリチルリチン酸2Kに、キシリトールやスーパーヒアルロン酸などの保湿成分を配合。無香料・無着色・弱酸性の低刺激設計で、ゆらぎやすい時期にも使いやすい高保湿化粧水。@cosmeベストコスメ2026上半期 ベスト化粧水 第1位。,dprogram-lotion-ex.jpg,https://www.amazon.co.jp/dp/B0FQTWJ7WD/ref=nosim?tag=yyy0410mmm-22,https://hb.afl.rakuten.co.jp/hgc/g00u7lla.fhlem0f2.g00u7lla.fhlendbe/?pc=https%3A%2F%2Fitem.rakuten.co.jp%2Fshopqueen%2Fdp23147%2F&m=http%3A%2F%2Fm.rakuten.co.jp%2Fshopqueen%2Fi%2F10000949%2F&rafcid=wsc_i_is_ee1229f7-691f-4a67-9e6c-9d1f5819b2d1,false,,false,,,"トラネキサム酸,グリチルリチン酸2K,スーパーヒアルロン酸,キシリトール",https://thumbnail.image.rakuten.co.jp/@0_mall/shopqueen/cabinet/shiseido/dprogram/imgrc0098437668.jpg,true
235,乳液,モイストケア エマルジョン EX【医薬部外品】,dプログラム,"¥3,630 / 100mL","敏感肌,乾燥,保湿,肌荒れ",肌荒れを防ぐ有効成分と保湿成分を配合し、角層バリアに着目した薬用乳液。重すぎず緩すぎないテクスチャーで、しっとりするのにベタつきにくい仕上がり。朝のメイク前にも使いやすい。@cosmeベストコスメ2026上半期 ベスト乳液 第1位。,dprogram-emulsion-ex.jpg,https://www.amazon.co.jp/dp/B0FQTXJJ8R/ref=nosim?tag=yyy0410mmm-22,https://hb.afl.rakuten.co.jp/hgc/g00ss0ea.fhlem7ea.g00ss0ea.fhlen774/?pc=https%3A%2F%2Fitem.rakuten.co.jp%2Fmatsuya-cosme%2F23180-1%2F&m=http%3A%2F%2Fm.rakuten.co.jp%2Fmatsuya-cosme%2Fi%2F10009941%2F&rafcid=wsc_i_is_ee1229f7-691f-4a67-9e6c-9d1f5819b2d1,false,,false,,,"グリチルリチン酸2K,トラネキサム酸",https://thumbnail.image.rakuten.co.jp/@0_mall/matsuya-cosme/cabinet/imgrc0104400552.jpg,true
236,導入美容液,イーブン ベター アクティブ ブースター セラム,クリニーク,"¥7,810 / 30mL","ナイアシンアミド,毛穴,エイジングケア,美白",有効成分ナイアシンアミドを配合した日本限定処方の導入美容液。洗顔後・化粧水前の1ステップで、次に使う化粧水のなじみをサポート。とろみがあるのにみずみずしく広がり、ベタつきにくい使用感。@cosmeベストコスメ2026上半期 ベスト導入美容液 第1位。,clinique-active-booster-serum.jpg,https://www.amazon.co.jp/dp/B0GGZFR1CN/ref=nosim?tag=yyy0410mmm-22,https://hb.afl.rakuten.co.jp/hgc/g00s54ya.fhlem72f.g00s54ya.fhlenfb9/?pc=https%3A%2F%2Fitem.rakuten.co.jp%2Fclinique%2Febabs30%2F&m=http%3A%2F%2Fm.rakuten.co.jp%2Fclinique%2Fi%2F10001572%2F&rafcid=wsc_i_is_ee1229f7-691f-4a67-9e6c-9d1f5819b2d1,false,,false,,,ナイアシンアミド,https://thumbnail.image.rakuten.co.jp/@0_mall/clinique/cabinet/thumb/260919_sw_test/ebabs30.jpg,false
237,クリーム,薬用ナイトケアパック【医薬部外品】,乾燥さん,"¥1,760 / 70g","乾燥,保湿,セラミド,敏感肌",有効成分ナイアシンアミド・パンテノールに、ワセリン・セラミド・アミノ酸などの保湿成分を配合。オイルを含む密封ラップバーム処方で、寝ている間の乾燥に着目した薬用ナイトパック。塗って寝るだけの手軽さ。@cosmeベストコスメ2026上半期 ベストスリーピングパック 第1位。,kansosan-night-pack.jpg,https://www.amazon.co.jp/dp/B0FS1FGQWZ/ref=nosim?tag=yyy0410mmm-22,,false,,false,,,"ナイアシンアミド,パンテノール,セラミド,ワセリン",https://www.bcl-brand.jp/img/goods/S/01432.jpg,false
238,クリーム,Rクリーム UFC,キールズ,"¥3,190 / 28mL","乾燥,保湿,バリア機能,敏感肌",整肌成分コロイダルオートミール（オートミールパワー）に、ビサボロール・パンテノールなどを配合。摩擦レスな使用感で、しっかり潤うのにベタつきにくい守りの保湿クリーム。美容医療後や攻めのケア後の保湿に。@cosmeベストコスメ2026上半期 ベストフェイスクリーム 第1位。,kiehls-r-cream-ufc.jpg,https://amzn.to/43Rm0nb,https://hb.afl.rakuten.co.jp/ichiba/4bbbd1e5.39fda973.4bbbd1e6.3b16108a/?pc=https%3A%2F%2Fitem.rakuten.co.jp%2Fkiehls%2Fww0356kie-1%2F&link_type=picttext&ut=eyJwYWdlIjoiaXRlbSIsInR5cGUiOiJwaWN0dGV4dCIsInNpemUiOiIyNDB4MjQwIiwibmFtIjoxLCJuYW1wIjoicmlnaHQiLCJjb20iOjEsImNvbXAiOiJkb3duIiwicHJpY2UiOjEsImJvciI6MSwiY29sIjoxLCJiYnRuIjoxLCJwcm9kIjowLCJhbXAiOmZhbHNlfQ%3D%3D,false,,false,,,"コロイダルオートミール,ビサボロール,パンテノール",,false
239,アイクリーム,ザ リンクレス W【医薬部外品】,ONE BY KOSÉ,"¥6,380 / 18g","シワ,エイジングケア,ハリ,乾燥",有効成分ライスパワーNo.11＋を配合し、シワ改善と保湿にアプローチする薬用アイケア。ハリ持続ヴェール技術や形状記憶ゲルで密着感のある使い心地。レチノール以外のシワ改善ケアを取り入れたい人に。@cosmeベストコスメ2026上半期 ベストアイケア 第1位。,onebykose-linkless-w.jpg,https://www.amazon.co.jp/dp/B0FL75FXKP/ref=nosim?tag=yyy0410mmm-22,,false,,false,,,ライスパワーNo.11＋,https://maison.kose.co.jp/img/goods/S/MUVE_sub_BC.png,true
